Name,tclien__Opportunity__c
Test Account - KaBorrTrio | EF |  New | 1.31.2024,006Po000007YzWUIA0
"UCC Filing - Larry Cline, Individual EF: 2/16/2024",006Po000008URniIAG
"UCC Filing - RenoWorks, LLC EF: 2/13/2024",006Po000008MozHIAS
"UCC Filing - Rochambeau, LLC EF: 2/14/2024",006Po000008MiP7IAK
Sisco Solutions LLC EF: 1/23/2024,006Po00000867uHIAQ
"UCC Filing - Jerry Renfro, Individual EF: 2/12/2024",006Po000008GbRRIA0
UCC Filing - DJMAC11 Entertainment LLC EF: 1/18/2024,006Po00000866ZQIAY
UCC Filing-RHINO EARTHWORKL.L.C.2/7/2024,006Po00000868IVIAY
UCC Filing - Bluspur LLC EF: 2/12/2024,006Po000008GeQTIA0
"UCC Filing - Maverick Drill Bit Services, LLC EF: 2/16/2024",006Po000008URnqIAG
"UCC Filing - Julio Gaitan, D.D.S., P.A. EF: 1/12/2024",006Po00000866FbIAI
UCC Filing - Jubilee Cake Studio LLC EF: 2/9/2024,006Po0000086OggIAE
UCC Filing R.S.I. CORPORATION 2.22.2024,006Po000008oIuoIAE
UCC Filing - Green Wave Woodshop LLC EF: 12/18/2023,006Po000008655tIAA
"Ramsey Express Trucking, Inc.",006Po000008rG5GIAU
"UCC Filing - HAYES E-GOVERNMENT RESOURCES, INC. EF: 2/8/2024",006Po00000868MeIAI
"UCC Filing - People Need the Lord Ministry, Inc. | EF |  New | 2.26.2024",006Po0000090DXxIAM
UCC Filing - Hilton Head Hospitality LLC EF: 2/1/2024,006Po0000086895IAA
UCC Filing - Arsoda General LLC EF: 1/30/2024,006Po000008685yIAA
UCC Filing - Goldenrod Fencing INC | EF |  New | 2.19.2024,006Po000008cEYZIA2
UCC Filing - Pachecos Landscape Supply & Excavation LLC EF: 2/15/2024,006Po000008QjQkIAK
"UCC Filing - Waters Mechanical, Inc. | EF |  New | 2.21.2024",006Po000008ko23IAA
UCC Filing - Victor Elaine EF: 1/26/2024,006Po000008680iIAA
"UCC Filing - John Burnett Excavating, Inc. | EF |  New | 2.23.2024",006Po000008sXgjIAE
"UCC Filing - Joshua Stanley, Individual | EF |  New | 2.22.2024",006Po000008nxDdIAI
UCC Filing - LOR Diagnostics LLC EF: 12/13/2023,006Po00000864lLIAQ
"UCC Filing - Curious Innovators of America, Inc. EF: 2/12/2024",006Po000008GWDGIA4
"UCC Filing - Gardner Herbert Mulloy, Jr., Individual | EF |  New | 2.22.2024",006Po000008navOIAQ
"UCC Filing - Legends Gym, LLC EF: 2/15/2024",006Po000008QjDYIA0
"UCC Filing - HGR Packaging, Inc. EF: 2/12/2024",006Po000008GeQBIA0
"UCC Filing - D&M Home and Outdoors, LLC EF: 2/15/2024",006Po000008QjRgIAK
"UCC Filing - Red Lion Salvage, LLC EF: 1/29/2024",006Po000008682jIAA
UCC Filing - Wasco Industrial LLC EF: 2/14/2024,006Po000008MnzHIAS
UCC Filing - McCutcheon Music LLC EF: 1/18/2024,006Po00000866UuIAI
UCC Filing - Amigos Mexican Restaurant Inc. EF: 2/2/2024,006Po00000868AVIAY
"UCC Filing - Acts Communication, LLC | EF |  New | 2.19.2024",006Po000008bFzaIAE
UCC Filing - Baylee&Assoc. LLC EF: 2/12/2024,006Po000008Gu01IAC
"UCC Filing - Dominic Gibson, Individual EF: 1/19/2024",006Po00000866ZoIAI
"UCC Filing - Atlantic Coast Recycling, Inc. | EF |  New | 2.26.2024",006Po0000090385IAA
UCC Filing - Polished 3 LLC EF: 2/16/2024,006Po000008URnlIAG
UCC Filing - Monet LLC | EF |  New | 2.22.2024,006Po000008nucLIAQ
UCC Filing - Catoctin Metal Finishing LLC EF: 2/7/2024,006Po00000868IoIAI
UCC Filing - Stix & Stones Inc. EF: 2/7/2024,006Po00000868H8IAI
UCC Filing - MT&T LLC EF: 2/1/2024,006Po00000868AGIAY
UCC Filing - Northwest Excavating LLC EF: 2/15/2024,006Po000008QjQoIAK
"UCC Filing - Hardee Recycling, LLC | EF |  New | 2.21.2024",006Po000008jHWPIA2
"UCC Filing - Jacob Oliver, Individual EF: 2/2/2024",006Po00000868BZIAY
"UCC Filing - West Coast Concrete Restoration, LLC EF: 1/30/2024",006Po000008683tIAA
UCC Filing - Difti LLC EF: 1/30/2024,006Po000008684dIAA
"UCC Filing - Planet Sun, Inc. EF: 1/19/2024",006Po00000866baIAA
UCC Filing - S&R Screen Printing Inc EF: 2/15/2024,006Po000008QuWhIAK
UCC Filing - Barraza Framing LLC | EF |  New | 2.21.2024,006Po000008kWWYIA2
UCC Filing - Shell Hwy 280 LLC EF: 2/6/2024,006Po00000868GpIAI
UCC Filing - Precision Transport Inc EF: 1/9/2024,006Po00000865u5IAA
UCC Filing - Bonny's Equipment Rentals Inc EF: 1/24/2024,006Po00000867xSIAQ
"UCC Filing - Ditmire Motorworks, Inc. EF: 2/15/2024",006Po000008QjQdIAK
UCC Filing - New Castle Systems LLC EF: 1/26/2024,006Po000008680eIAA
UCC Filing - Sai Ram Opryland LLC EF: 1/22/2024,006Po00000867qqIAA
UCC Filing - Top Gun Auto Parts LTD | EF |  New | 2.21.2024,006Po000008juJBIAY
"UCC Filing - K & M Takla Enterprises, LLC | EF |  New | 2.21.2024",006Po000008kkjBIAQ
UCC Filing - Carolina Tenders LLC EF: 12/21/2023,006Po00000865QWIAY
UCC Filing - Bubble & Cream LLC EF: 2/9/2024,006Po0000086OgPIAU
"UCC Filing - Tumbleweed Express, Inc EF: 1/25/2024",006Po00000867yiIAA
"UCC Filing - Brian Turney, Individual EF: 2/1/2024",006Po000008688iIAA
UCC Filing - Grounded Siteworks LLC EF: 2/12/2024,006Po000008GeQJIA0
"UCC Filing - El Patron Tire Shop, LLC EF: 1/22/2024",006Po00000867mHIAQ
UCC Filing - Five Nations Golf LLC | EF |  New | 2.19.2024,006Po000008bAyIIAU
"UCC Filing - ANR Insulation, LLC EF: 2/8/2024",006Po00000868MBIAY
UCC Filing - 3900 Atlantic Ave LLC EF: 1/22/2024,006Po00000867tTIAQ
"UCC Filing - James Bennett, Individual | EF |  New | 2.27.2024",006Po00000955WZIAY
"UCC Filing - Quick Set Concrete, Inc. EF: 2/5/2024",006Po00000868DmIAI
UCC Filing - Westmark Logistics LLC EF: 2/2/2024,006Po00000868AgIAI
UCC Filing - Cruz Concrete and Stone Inc. | EF |  New | 2.26.2024,006Po00000910dVIAQ
UCC Filing - HII Q Inc. | EF |  New | 2.21.2024,006Po000008knxCIAQ
"UCC Filing - Scott Lonergan, Individual EF: 2/1/2024",006Po000008689BIAQ
"UCC Filing - Corriangel, Inc. | EF |  New | 2.20.2024",006Po000008gLJZIA2
"UCC Filing - Efficient Irrigation Systems, LLC | EF |  New | 2.27.2024",006Po00000968qXIAQ
"UCC Filing - Show It Off, LLC | EF |  New | 2.27.2024",006Po0000095xjrIAA
"UCC Filing - Pacific Group Auto, Inc. | EF |  New | 2.23.2024",006Po000008sAp0IAE
UCC Filing - Prescription Duct Cleaning LLC EF: 2/12/2024,006Po000008GWDFIA4
"UCC Filing - Arrowhead Vineyards, LLC EF: 12/4/2023",006Po00000864A1IAI
"Dr.H.O. Brown, Professional Corporation Mind & Body Chiropractic",006Po000009682YIAQ
UCC Filing - Michigan Recycled Aggregates LLC EF: 12/15/2023,006Po000008655AIAQ
UCC Filing - Calox EF: 2/16/2024,006Po000008URnAIAW
UCC Filing - DDC Unlimited EF: 2/14/2024,006Po000008MnPtIAK
"UCC Filing - Atla Frontera, LLC EF: 2/9/2024",006Po000008GWD5IAO
"UCC Filing - Eagles Investment Montgomery, Inc. EF: 2/6/2024",006Po00000868GqIAI
UCC Filing - Kairos Creative LLC | EF |  New | 2.29.2024,006Po000009CXMRIA4
"UCC Filing - Noble Folk, Inc. EF: 1/23/2024",006Po00000867vSIAQ
UCC Filing - FC Fremont Corporation EF: 2/14/2024,006Po000008MnQbIAK
UCC Filing - Players First LLC EF: 2/8/2024,006Po00000868LTIAY
"UCC Filing - H.O.U.R. Culture, Inc. | EF |  New | 2.23.2024",006Po000008s46sIAA
UCC Filing - CFL Building Contractors LLC | EF |  New | 2.28.2024,006Po0000098YFRIA2
"UCC Filing - Team Next Level, Inc. | EF |  New | 2.29.2024",006Po000009CTU7IAO
"UCC Filing - Texas Surveying, Inc. | EF |  New | 2.27.2024",006Po0000095O69IAE
UCC Filing - Performers Edge LLC | EF |  New | 2.27.2024,006Po0000095Ed3IAE
UCC Filing - Eye Connection Incorporated | EF |  New | 2.29.2024,006Po000009DaTZIA0
"UCC Filing - Concrete Mobile Mix, LLC EF: 2/13/2024",006Po000008MozJIAS
"UCC Filing - Prana Fitness, Inc. EF: 1/29/2024",006Po000008682AIAQ
"UCC Filing - HPC Auto Services, Inc. | EF |  New | 2.27.2024",006Po00000956ijIAA
"UCC Filing - SK Ventures, Inc. | EF |  New | 2.22.2024",006Po000008nxFGIAY
"UCC Filing - Arihantaa Reit, LLC EF: 2/15/2024",006Po000008QjQrIAK
"UCC Filing - Sky Vie Creative, LLC | EF |  New | 2.20.2024",006Po000008gEBeIAM
UCC Filing - Superfoods Group Distro 1 LLC EF: 2/8/2024,006Po00000868N4IAI
"UCC Filing - ZUBIE, INC. EF: 1/22/2024",006Po00000867qgIAA
UCC Filing - Influence Church | EF |  New | 3.1.2024,006Po000009GYwdIAG
UCC Filing - Ggiata Restaurant Group LLC EF: 2/5/2024,006Po00000868E3IAI
"UCC Filing - Listener Brands, Inc. EF: 12/27/2023",006Po00000865YRIAY
"UCC Filing - WCM & Associates, Inc. | EF |  New | 3.5.2024",006Po000009ShzJIAS
UCC Filing - Father and Son's Paradise Homes LLC EF: 2/16/2024,006Po000008URmoIAG
"UCC Filing - Master Builders & Contractors, L.L.C. | EF |  New | 2.28.2024",006Po0000098LLRIA2
UCC Filing - Ramen Union Market LLC EF: 1/23/2024,006Po00000867trIAA
"UCC Filing - Spartan Waste, LLC | EF |  New | 2.21.2024",006Po000008jVcXIAU
"UCC Filing - Art Communication Systems, Inc. EF: 1/24/2024",006Po00000867xKIAQ
UCC Filing - Iron Valley Fitness LLC | EF |  New | 2.27.2024,006Po0000094ijdIAA
"UCC Filing - Sunshine Custom Design Cabinets, Inc. EF: 2/6/2024",006Po00000868FNIAY
UCC Filing - Restoration Hope Wellness Center LLC EF: 2/14/2024,006Po000008MnywIAC
UCC Filing - Trinity AME Church | EF |  New | 3.1.2024,006Po000009GcIgIAK
"UCC Filing - Nomad Sound, Inc. EF: 1/24/2024",006Po00000867xOIAQ
UCC Filing - Long Island Drone Washing Solutions LLC | EF |  New | 2.28.2024,006Po0000099xF1IAI
"UCC Filing - Shawn Johnston, Individual | EF |  New | 3.5.2024",006Po000009TBhIIAW
UCC Filing - Mist Hill Property Maintenance LLC | EF |  New | 3.5.2024,006Po000009SaPxIAK
"UCC Filing - Erik Christensen, Individual | EF |  New | 2.27.2024",006Po0000096198IAA
"UCC Filing - J.R. Construction Co.,Inc. | EF |  New | 3.4.2024",006Po000009P1tNIAS
"UCC Filing - Daniel Tile, Inc | EF |  New | 3.4.2024",006Po000009PD06IAG
"UCC Filing - Stepp's Towing Service, Inc. | EF |  New | 2.29.2024",006Po000009DxBZIA0
"UCC Filing - Butch Cameron Tank Solutions, Limited Partnership | EF |  New | 3",006Po000009REZcIAO
"UCC Filing - J.R. & Son's Concrete Specialist, Inc EF: 12/14/2023",006Po0000086McvIAE
UCC Filing - Aquarelle Granite & Marble LLC EF: 1/16/2024,006Po00000866LbIAI
UCC Filing - 1001 Fish Ranch Rd LLC EF: 2/6/2024,006Po00000868FOIAY
"UCC Filing - Infinite Custom Designs, LLC | EF |  New | 3.1.2024",006Po000009H8C5IAK
UCC Filing - CTS Consulting LLC | EF |  New | 2.26.2024,006Po00000921u5IAA
UCC Filing - AK Remodeling Inc | EF |  New | 3.7.2024,006Po000009ZpwwIAC
"UCC Filing - Mercatto Stone Group, Inc. | EF |  New | 3.5.2024",006Po000009S9zFIAS
"UCC Filing - Kret Industries, LLC | EF |  New | 2.29.2024",006Po000009CLbPIAW
"UCC Filing - Williams Ophthalmology, PLLC EF: 1/22/2024",006Po00000867mvIAA
"UCC Filing - Seaduce, L.L.C. | EF |  New | 2.29.2024",006Po000009CVpFIAW
"UCC Filing - Quercus Land Stewardship Services, LLC | EF |  New | 2.27.2024",006Po0000094oE0IAI
"UCC Filing - Pro Shop Embroidery Co., Inc. EF: 2/14/2024",006Po000008MnQyIAK
UCC Filing - Daltech Utilities Inc | EF |  New | 3.5.2024,006Po000009RyJ3IAK
UCC Filing - Restoring Life Ministries Inc | EF |  New | 3.6.2024,006Po000009VHL3IAO
"UCC Filing - AAS Communication, LLC | EF |  New | 3.7.2024",006Po000009bXUTIA2
UCC Filing - JCW & Sons Excavating LLC | EF |  New | 2.27.2024,006Po0000095KwzIAE
"UCC Filing - Rimrock Furniture Company, LLC | EF |  New | 3.5.2024",006Po000009RkUbIAK
UCC Filing - Dirigo Septic Services Inc. | EF |  New | 3.5.2024,006Po000009RLj7IAG
"UCC Filing - Jurupa Dairy, Inc. | EF |  New | 2.27.2024",006Po0000095ZcgIAE
UCC Filing - TEPUY FAST & EXPRESS LLC | EF |  New | 3.12.2024,006Po000009swxtIAA
"UCC Filing - G. & A. Baking Company, LLC EF: 1/18/2024",006Po00000866UeIAI
UCC Filing - Greenfresh Supermarket Inc. | EF |  New | 3.8.2024,006Po000009eHZdIAM
UCC Filing - SJRT Inc | EF |  New | 3.4.2024,006Po000009NCmUIAW
"UCC Filing - Iglesia de Dios Pentecostal ""Cristo te Llama"", Inc. | EF |  New |",006Po000009ScDGIA0
"UCC Filing - Big Country Fire Protection, Inc. | EF |  New | 3.7.2024",006Po000009atyTIAQ
UCC Filing - Press Forward LLC | EF |  New | 3.1.2024,006Po000009HDA9IAO
"UCC Filing - BFLINT Customs, LLC | EF |  New | 3.5.2024",006Po000009TLS5IAO
"UCC Filing - Carrazana Auto Repair & Services, Corp. | EF |  New | 3.8.2024",006Po000009eRIrIAM
UCC Filing - JD Septic Pumping LLC | EF |  New | 3.6.2024,006Po000009VZW5IAO
"UCC Filing - Turner Logging, LLC EF: 1/2/2024",006Po00000865eGIAQ
UCC Filing - Patriotic Plumbing and Rooter LLC | EF |  New | 3.7.2024,006Po000009ZYeLIAW
UCC Filing - Steven J Hauck Sr LLC | EF |  New | 2.27.2024,006Po0000094rWoIAI
UCC Filing - Vazlar LLC | EF |  New | 3.5.2024,006Po000009Svm9IAC
"UCC Filing - Midhurst Tree Care, Inc. | EF |  New | 3.11.2024",006Po000009p7GnIAI
UCC Filing - Joshua & John Brothers Inc | EF |  New | 3.1.2024,006Po000009GwfaIAC
"UCC Filing - Glenn Davis, Individual | EF |  New | 3.11.2024",006Po000009orTlIAI
UCC Filing - LA Construction and Drilling LLC | EF |  New | 3.6.2024,006Po000009VHtBIAW
"UCC Filing - Justin Lundgren, Individual | EF |  New | 3.8.2024",006Po000009g3NiIAI
UCC Filing - Fit Chef Catering LLC | EF |  New | 3.4.2024,006Po000009OLAzIAO
UCC Filing - Five Points Construction LLC | EF |  New | 3.11.2024,006Po000009o7PJIAY
UCC Filing - LM Clarkson Corp. | EF |  New | 2.29.2024,006Po000009CoohIAC
"UCC Filing - TMA Leasing, LLC EF: 2/1/2024",006Po000008688WIAQ
UCC Filing - Park Fish Market Inc. | EF |  New | 2.23.2024,006Po000008rGRpIAM
UCC Filing - International Cars USA Corp | EF |  New | 2.29.2024,006Po000009DXNZIA4
UCC Filing - Hydro Flow Solutions LLC | EF |  New | 2.29.2024,006Po000009ClFjIAK
"UCC Filing - CM Lawn Care, LLC | EF |  New | 3.8.2024",006Po000009gDV8IAM
"UCC Filing - TID Trenchless, LLC | EF |  New | 3.12.2024",006Po000009seg3IAA
UCC Filing - TEPUY FAST & EXPRESS LLC | EF |  New | 3.12.2024,006Po000009swxtIAA
UCC Filing - Branch Managers Limited | EF |  New | 2.27.2024,006Po0000094EYiIAM
"UCC Filing - XO Vine, Inc. | EF |  New | 2.26.2024",006Po0000091NGjIAM
"UCC Filing - Michael Corrigan, Individual | EF |  New | 3.14.2024",006Po00000A1d9dIAB
UCC Filing - Parkskill Tile Inc | EF |  New | 3.8.2024,006Po000009eBHKIA2
UCC Filing - Luxury Landscaping LLC | EF |  New | 3.14.2024,006Po00000A11E1IAJ
"UCC Filing - Carnes Mamma Mia, LLC | EF |  New | 2.22.2024",006Po000008nUzdIAE
"UCC Filing - Valerie Clay-Merida, Individual | EF |  New | 3.13.2024",006Po000009x9gPIAQ
UCC Filing - PK Automotive Inc | EF |  New | 3.8.2024,006Po000009f1e5IAA
"UCC Filing - Eleven26 Site Prep, LLC | EF |  New | 2.22.2024",006Po000008nYWzIAM
"UCC Filing - Fitzy Maintenance Solutions, LLC | EF |  New | 3.13.2024",006Po000009xxOfIAI
"UCC Filing - Triple C Eats, Matawan LLC | EF |  New | 3.11.2024",006Po000009nRLFIA2
UCC Filing - V3W Enterprises LLC | EF |  New | 3.12.2024,006Po000009rpdWIAQ
"UCC Filing - Beaulac Excavating, LLC. | EF |  New | 2.19.2024",006Po000008bZAHIA2
UCC Filing - Daoud Brothers LLC EF: 2/7/2024,006Po00000868HoIAI
"UCC Filing - Be Caffeinated, LLC | EF |  New | 3.5.2024",006Po000009REHrIAO
UCC Filing - Metro Medical Equipment Inc. | EF |  New | 3.7.2024,006Po000009ZWRpIAO
"UCC Filing - Omega Underground, LLC | EF |  New | 3.13.2024",006Po000009wdDVIAY
UCC Filing - Rehoboth Church of Deliverance | EF |  New | 3.18.2024,006Po00000AD5liIAD
"UCC Filing - Ralphy's Pizza & Golf, LLC | EF |  New | 2.22.2024",006Po000008ngXLIAY
UCC Filing - Aztecas Pride Loader Inc | EF |  New | 3.13.2024,006Po000009xwkMIAQ
"UCC Filing - You Are A CEO, Inc. | EF |  New | 2.22.2024",006Po000008nPGnIAM
UCC Filing - Hunter Brothers LLC | EF |  New | 2.29.2024,006Po000009CQ3BIAW
"UCC Filing - Jaime Cool, Individual | EF |  New | 3.18.2024",006Po00000AERKMIA5
"UCC Filing - KJO Enterprise, LLC | EF |  New | 2.27.2024",006Po0000094wGMIAY
UCC Filing - Arctic Builders LLC | EF |  New | 3.14.2024,006Po00000A1ypBIAR
"UCC Filing - Total Concrete Repair, Inc. | EF |  New | 2.22.2024",006Po000008oQkHIAU
"UCC Filing - TDI Repair Facility, LLC | EF |  New | 2.20.2024",006Po000008fakUIAQ
"UCC Filing - R&S Building & Repair, LLC | EF |  New | 3.4.2024",006Po000009NOvhIAG
"UCC Filing - Michiana Tool Rental, Inc. | EF |  New | 3.14.2024",006Po00000A0VT8IAN
"UCC Filing - V.A.S. Masonry, Inc. | EF |  New | 2.29.2024",006Po000009E8GfIAK
UCC Filing - DMS Apex Holdings LLC | EF |  New | 2.28.2024,006Po0000099IdFIAU
UCC Filing - Thunder & Lightning Productions LLC | EF |  New | 2.21.2024,006Po000008iuebIAA
UCC Filing - EAAP Inc | EF |  New | 3.8.2024,006Po000009g4WgIAI
UCC Filing - RHINO EARTHWORK L.L.C. EF: 2/7/2024,006Po00000868IVIAY
UCC Filing - Cobblestone Pizza Co. LLC EF: 1/8/2024,006Po00000865rqIAA
UCC Filing - Carz Auto Spa LLC | EF |  New | 3.6.2024,006Po000009W2O5IAK
UCC Filing - Gulf Coast Rental Co L.L.C. | EF |  New | 3.11.2024,006Po000009pBsHIAU
"UCC Filing - RCS Complete Painting, LLC | EF |  New | 3.14.2024",006Po00000A2EabIAF
UCC Filing - Knox Roofing LLC EF: 2/2/2024,006Po00000868BsIAI
"UCC Filing - BWDC, Inc. | EF |  New | 3.19.2024",006Po00000AHjivIAD
UCC Filing - 2Americas Enterprises LLC | EF |  New | 3.5.2024,006Po000009RRJvIAO
"UCC Filing - Concept Pixels Entertainment, Inc. | EF |  New | 3.18.2024",006Po00000AEjuWIAT
UCC Filing - Palesch Investments LLC | EF |  New | 3.13.2024,006Po000009y8S9IAI
UCC Filing - Palesch Investments LLC | EF |  New | 3.13.2024,006Po000009y8S9IAI
UCC Filing - Circle City Gymnastics LLC | EF |  New | 3.11.2024,006Po000009nWJKIA2
"UCC Filing - Additive Plastics Group, Inc. | EF |  New | 2.26.2024",006Po00000904XuIAI
"UCC Filing - Ricardo's Masonry, LLC | EF |  New | 3.19.2024",006Po00000AInCdIAL
UCC Filing - Fast Delivery Service LLC | EF |  New | 3.18.2024,006Po00000AEkTSIA1
UCC Filing - Best Food Corp of NY | EF |  New | 3.18.2024,006Po00000AFKiEIAX
"UCC Filing - R&M Convenience Store, LLC | EF |  New | 3.13.2024",006Po000009x37zIAA
UCC Filing - The Golden Music Center Corp | EF |  New | 3.4.2024,006Po000009PeWXIA0
UCC Filing - H.A.T Restoration Management LLC | EF |  New | 3.14.2024,006Po00000A2LiXIAV
"UCC Filing - Beard Equipment Company, Inc. | EF |  New | 3.21.2024",006Po00000ASICLIA5
UCC Filing - DBA Builders LLC | EF |  New | 3.14.2024,006Po00000A1706IAB
UCC Filing - Purified Bins LLC EF: 1/12/2024,006Po00000866ENIAY
UCC Filing - AP Framing Inc EF: 2/8/2024,006Po00000868MvIAI
"UCC Filing - Sacco Enterprises, Inc. | EF |  New | 3.20.2024",006Po00000AOBnmIAH
"UCC Filing - 1414 Enterprises, LLC EF: 1/30/2024",006Po000008685VIAQ
"UCC Filing - SF Wings, LLC EF: 2/5/2024",006Po00000868DoIAI
"UCC Filing - Florida North, Inc. | EF |  New | 3.21.2024",006Po00000AR0J7IAL
UCC Filing - Birmingham International SDA Church | EF |  New | 2.22.2024,006Po000008nnRBIAY
UCC Filing - Champion Fitness Center of Azle LLC | EF |  New | 3.21.2024,006Po00000AR1LdIAL
UCC Filing - Mikey With Harrison Custom Builders LLC | EF |  New | 3.19.2024,006Po00000AHii1IAD
"UCC Filing - Dahm & Schell, Inc. EF: 2/12/2024",006Po000008GbQPIA0
"UCC Filing - Gary's Air Bag Service, Incorporated | EF |  New | 3.5.2024",006Po000009SH3xIAG
UCC Filing - G One Mini Stop LLC | EF |  New | 3.14.2024,006Po00000A0vjhIAB
"UCC Filing - Gary Sanford, LLC | EF |  New | 3.18.2024",006Po00000AFBewIAH
"UCC Filing - Fruchey's Four Seasons, LLC | EF |  New | 3.21.2024",006Po00000ARTMjIAP
"UCC Filing - Stat, LLC | EF |  New | 3.7.2024",006Po000009aqWCIAY
"UCC Filing - Hayes E-Government Resources, Inc. | EF |  New | 3.5.2024",006Po000009T2cLIAS
"UCC Filing - NB Foods GA, LLC EF: 2/15/2024",006Po000008QuWiIAK
"UCC Filing - Envelope Mart of Northeast Ohio, Inc. EF: 2/16/2024",006Po000008URmRIAW
"UCC Filing - Apparel Impact, LLC | EF |  New | 3.25.2024",006Po00000AepyvIAB
"UCC Filing - Sewer & Septic Pros., Inc | EF |  New | 2.23.2024",006Po000008t4cfIAA
UCC Filing - SBI Excavation Contractors Limited Liability Company EF: 2/13/202,006Po000008MnvDIAS
"UCC Filing - Bari Mims, Individual | EF |  New | 3.20.2024",006Po00000ANctFIAT
"UCC Filing - Snyder Dental Group, PLLC | EF |  New | 3.18.2024",006Po00000ADKZSIA5
UCC Filing - Spice It Up Market Inc | EF |  New | 3.20.2024,006Po00000ANAP7IAP
"UCC Filing - A & A Automotive, Inc. EF: 2/16/2024",006Po000008URnoIAG
UCC Filing - Tanner Industries EF: 1/11/2024,006Po000008669JIAQ
UCC Filing - D&S Kitchen LLC | EF |  New | 3.18.2024,006Po00000ACxpmIAD
"UCC Filing - Viewpoint Ambulance, Inc. | EF |  New | 2.29.2024",006Po000009CL6jIAG
"UCC Filing - Community Steel Company, LLC | EF |  New | 3.7.2024",006Po000009aryHIAQ
"UCC Filing - Pioneer Sports & Pain Center, LLC | EF |  New | 3.27.2024",006Po00000Am82LIAR
UCC Filing - Pie Kind LLC | EF |  New | 3.4.2024,006Po000009OnATIA0
"UCC Filing - Mitchell Specialties, Inc | EF |  New | 3.21.2024",006Po00000AQxl4IAD
UCC Filing - FMO Front Street LLC | EF |  New | 3.21.2024,006Po00000ASDivIAH
UCC Filing - Papierski’s Property Services LLC | EF |  New | 3.13.2024,006Po000009wlxSIAQ
UCC Filing - Tenreiro LLC | EF |  New | 3.18.2024,006Po00000ADwmpIAD
"UCC Filing - Rapid Lab, Inc. | EF |  New | 2.23.2024",006Po000008s9UmIAI
UCC Filing - Otto Iron LLC | EF |  New | 3.25.2024,006Po00000Aeha4IAB
"UCC Filing - Alpha Auto Brokers, LLC | EF |  New | 3.25.2024",006Po00000AdkRqIAJ
UCC Filing - Ranchers Hotels LLC | EF |  New | 3.8.2024,006Po000009dneqIAA
UCC Filing - Barnard Excavation & Logging Inc. | EF |  New | 3.20.2024,006Po00000AOAJqIAP
"UCC Filing - RPG Cleaning, Inc. | EF |  New | 3.18.2024",006Po00000AE30HIAT
"UCC Filing - Milroy Farms, LLC | EF |  New | 3.14.2024",006Po00000A2HBJIA3
"UCC Filing - Itzanee, LLC | EF |  New | 3.19.2024",006Po00000AJbm5IAD
"UCC Filing - Eagle 731 Quarry, LLC EF: 11/21/2023",006Po0000086MOnIAM
"UCC Filing - Bakersfield 119, LLC | EF |  New | 3.14.2024",006Po00000A27MDIAZ
"UCC Filing - SK Enterprises, LLC EF: 2/13/2024",006Po000008MnQlIAK
UCC Filing - Ryno Equipment Company LLC EF: 2/12/2024,006Po000008GeQ7IAK
"UCC Filing - Phil's Commercial Cleaning, LLC | EF |  New | 3.18.2024",006Po00000AEOHdIAP
"UCC Filing - Timothy Johnson, Individual | EF |  New | 3.22.2024",006Po00000AUzMrIAL
UCC Filing - Pin Hsiao & Associates L.L.C. | EF |  New | 3.22.2024,006Po00000AVeLBIA1
"UCC Filing - Barry's Bootcamp Holdings, LLC EF: 12/20/2023",006Po00000865KtIAI
UCC Filing - Twisted H Design LLC | EF |  New | 3.26.2024,006Po00000Ajt7RIAR
UCC Filing - DMH Landscaping Inc EF: 12/29/2023,006Po00000865dNIAQ
UCC Filing - Trump and Sons LLC | EF |  New | 3.27.2024,006Po00000Am4unIAB
UCC Filing - Broken Arrow Fencing LLC | EF |  New | 3.28.2024,006Po00000ArviMIAR
UCC Filing - Jumping Fiesta Event Rentals LLC | EF |  New | 4.1.2024,006Po00000B5ywTIAR
UCC Filing - Daniel's Tree Service LLC | EF |  New | 3.29.2024,006Po00000AuZRxIAN
"UCC Filing - Fraser Optical Clinic, Inc. | EF |  New | 3.19.2024",006Po00000AJohhIAD
"UCC Filing - Dirtysouth, DS LLC | EF |  New | 3.21.2024",006Po00000AR1n4IAD
"UCC Filing - Westminster Technologies, LLC | EF |  New | 3.29.2024",006Po00000Avbt7IAB
"UCC Filing - Rolling Stone Granite Fort Myers, LLC | EF |  New | 3.27.2024",006Po00000AnjizIAB
UCC Filing - Saturn Corporation | EF |  New | 3.19.2024,006Po00000AHfsEIAT
UCC Filing - Trez Aggregates Corporation | EF |  New | 3.29.2024,006Po00000AvgOAIAZ
UCC Filing - Southeast WindowCraft LLC | EF |  New | 4.1.2024,006Po00000B4S0zIAF
UCC Filing - JD & MB LLC | EF |  New | 3.26.2024,006Po00000Ahx79IAB
UCC Filing - Euro Desserts LLC | EF |  New | 3.12.2024,006Po000009rh3KIAQ
UCC Filing - Allstar Marketing LLC | EF |  New | 4.1.2024,006Po00000B51IPIAZ
UCC Filing - Krazy Taco Place LLC | EF |  New | 2.29.2024,006Po000009Dtr7IAC
UCC Filing - Automotive Repairs and Maintenance 2 LLC | EF |  New | 4.2.2024,006Po00000BACUcIAP
UCC Filing - Timber Creek Environmental Inc. | EF |  New | 2.29.2024,006Po000009CC8IIAW
UCC Filing - 2285 Grocery and Food Corp. | EF |  New | 3.25.2024,006Po00000Ae819IAB
UCC Filing - Big Rock Industries Inc. | EF |  New | 3.13.2024,006Po000009wGglIAE
UCC Filing - EastCoast Motorsports LLC | EF |  New | 4.2.2024,006Po00000BBVQMIA5
"UCC Filing - ALCE Construction, LLC | EF |  New | 3.26.2024",006Po00000Ai37hIAB
"UCC Filing - PHOENIX SUPPLY, LLC | EF |  New | 3.26.2024",006Po00000AjZBxIAN
UCC Filing - Services by Dan Q Inc. | EF |  New | 3.26.2024,006Po00000AiVAhIAN
"UCC Filing - Mohammad Lawal Garba, M.D., P.A. | EF |  New | 4.2.2024",006Po00000B9yQ3IAJ
UCC Filing - Warrior Fitness LLC | EF |  New | 3.28.2024,006Po00000ArLgqIAF
UCC Filing - Nueva Vida Iglesia del Nazareno Inc | EF |  New | 3.27.2024,006Po00000AmQ46IAF
"UCC Filing - Wildcat Electric, LLC EF: 2/14/2024",006Po000008MnPrIAK
UCC Filing - Burn Fitness LLC | EF |  New | 4.4.2024,006Po00000BLGBWIA5
"UCC Filing - Meldan, Inc. | EF |  New | 3.27.2024",006Po00000Am8YdIAJ
UCC Filing - Buffalo Biodiesel Inc. | EF |  New | 2.27.2024,006Po0000096Wt0IAE
UCC Filing - HSI Transportation LLC | EF |  New | 3.29.2024,006Po00000AvmuzIAB
UCC Filing - Petters Homes LLC | EF |  New | 3.15.2024,006Po00000A6LYiIAN
"UCC Filing - Priority Government Solutions, LLC | EF |  New | 3.13.2024",006Po000009yPuPIAU
UCC Filing - Packaging and Distribution Resources LLC | EF |  New | 3.25.2024,006Po00000AdppiIAB
"UCC Filing - True Paving, Inc. | EF |  New | 3.19.2024",006Po00000AK7E5IAL
UCC Filing - Vintage Cheese LLC EF: 12/20/2023,006Po00000865JqIAI
UCC Filing - MD Rental LLC | EF |  New | 4.3.2024,006Po00000BFEFgIAP
"UCC Filing - Carim Yafai, Individual EF: 12/15/2023",006Po000008653tIAA
UCC Filing - OTR Express Lube Service LLC | EF |  New | 4.3.2024,006Po00000BGklJIAT
UCC Filing - Press Leap LLC | EF |  New | 3.13.2024,006Po000009xfLJIAY
"UCC Filing - William Stevenson, Individual | EF |  New | 3.14.2024",006Po00000A17swIAB
UCC Filing - SkyPro Services LLC | EF |  New | 4.2.2024,006Po00000BAN1pIAH
"UCC Filing - Randall and Sons, Inc. | EF |  New | 3.25.2024",006Po00000Afb7XIAR
"UCC Filing - Virtual Polymer Compounds, LLC | EF |  New | 4.4.2024",006Po00000BJo6BIAT
UCC Filing - Oak Creek Brewery LLC | EF |  New | 4.1.2024,006Po00000B69vEIAR
UCC Filing - AATM Education LLC | EF |  New | 3.22.2024,006Po00000AVF0DIAX
UCC Filing - Nicholas Sebastian LLC | EF |  New | 4.1.2024,006Po00000B50U5IAJ
UCC Filing - Owndrum Corp. | EF |  New | 3.25.2024,006Po00000AfR89IAF
UCC Filing - US 2 Brothers Corporation | EF |  New | 3.20.2024,006Po00000AODG5IAP
UCC Filing - Bubba Mac's Gourmet Foods | EF |  New | 4.2.2024,006Po00000BBXYdIAP
"UCC Filing - Fort Christopher's Kentucky, LLC | EF |  New | 3.27.2024",006Po00000AndWMIAZ
UCC Filing - DOM Partners LLC EF: 2/9/2024,006Po0000086OgtIAE
UCC Filing - Green Carpet Cleaning CA LLC | EF |  New | 4.8.2024,006Po00000BctZsIAJ
UCC Filing - APNA Bazaar USA Inc | EF |  New | 4.8.2024,006Po00000BauzpIAB
UCC Filing - A&Z Diesel Repair and Rental LLC | EF |  New | 4.3.2024,006Po00000BH4CAIA1
"UCC Filing - The Colored Ribbon, LLC | EF |  New | 4.3.2024",006Po00000BGMHZIA5
UCC Filing - Voltron Global LLC | EF |  New | 4.3.2024,006Po00000BFsGPIA1
UCC Filing - Acree Enterprises LLC | EF |  New | 4.1.2024,006Po00000B42OIIAZ
UCC Filing - Infiltrate Oilfield Services L.L.C. | EF |  New | 3.20.2024,006Po00000ANat3IAD
UCC Filing - Infiltrate Oilfield Services L.L.C. | EF |  New | 3.20.2024,006Po00000ANat3IAD
UCC Filing - R & AZ Foods Inc | EF |  New | 3.26.2024,006Po00000AjckxIAB
"UCC Filing - Arris Construction & Management Company, LLC | EF |  New | 4.4.20",006Po00000BJlv7IAD
UCC Filing - EMA Restaurant & Lounge LLC | EF |  New | 4.5.2024,006Po00000BRr1vIAD
UCC Filing - PISTONE CONTAINER SERVICE LLC | EF |  New | 4.15.2024,006Po00000BzHVSIA3
"UCC Filing - Jay Thompson, Individual | EF |  New | 3.20.2024",006Po00000AORR7IAP
UCC Filing - Tender Car Auto Sales LLC | EF |  New | 4.5.2024,006Po00000BRhFTIA1
UCC Filing - Classic Mouldings & Millwork Inc. | EF |  New | 4.16.2024,006Po00000C32ETIAZ
UCC Filing - Anvil Ironworks Inc. | EF |  New | 2.28.2024,006Po00000994X3IAI
UCC Filing - J.F. Roxo Construction LLC | EF |  New | 4.9.2024,006Po00000BfePmIAJ
UCC Filing - Giambra and Sons Vending LLC | EF |  New | 4.15.2024,006Po00000BylqXIAR
"UCC Filing - Hill Brother’s Flooring & Supply, LLC | EF |  New | 3.15.2024",006Po00000A4nAxIAJ
"UCC Filing - The Red Table, LLC EF: 2/1/2024",006Po000008688kIAA
"UCC Filing - Hill Brother’s Flooring & Supply, LLC | EF |  New | 3.15.2024",006Po00000A4nAxIAJ
UCC Filing - North Atlantic Gymnastics Academy | EF |  New | 3.26.2024,006Po00000AjUQnIAN
UCC Filing - Alessi Equipment Inc. | EF |  New | 3.19.2024,006Po00000AHlJJIA1
UCC Filing - Dubes Small Engines & Automotive Repair LLC | EF |  New | 4.10.20,006Po00000BjlVtIAJ
"UCC Filing - RLH Equipment Leasing, LLC | EF |  New | 3.12.2024",006Po000009rvZGIAY
UCC Filing - Good Time Karaoke Entertainment LLC | EF |  New | 2.28.2024,006Po000009AOWvIAO
"UCC Filing - Shiner Park, LLC | EF |  New | 4.15.2024",006Po00000BzBMnIAN
UCC Filing - NY Boiler & Air Conditioning Repair Corp | EF |  New | 3.11.2024,006Po000009nLXZIA2
UCC Filing - Sawmill Creek Lawn Services LLC | EF |  New | 4.16.2024,006Po00000C3ODPIA3
"UCC Filing - LA Construction, Inc. | EF |  New | 4.16.2024",006Po00000C2a5JIAR
"UCC Filing - Marchenyc, LLC | EF |  New | 3.15.2024",006Po00000A4jjzIAB
UCC Filing - Perez Custom LLC | EF |  New | 4.17.2024,006Po00000C6GJJIA3
"UCC Filing - Kairos Distributors, Inc. | EF |  New | 4.16.2024",006Po00000C2Ur7IAF
"UCC Filing - Anthony Vaccaro, Individual | EF |  New | 4.1.2024",006Po00000B5l81IAB
UCC Filing - Sunland Aerospace Fasteners EF: 1/19/2024,006Po00000866b0IAA
"UCC Filing - Travis Coble, Individual | EF |  New | 3.21.2024",006Po00000ARbk5IAD
"UCC Filing - Southeastern Conference Association of Seventh-Day Adventists, In",006Po00000BqNv7IAF
"UCC Filing - B & B Roofing & Construction, Inc. | EF |  New | 4.10.2024",006Po00000Bl9xZIAR
UCC Filing - The Pizza Collective LLC EF: 2/1/2024,006Po000008688QIAQ
UCC Filing - HORN RAPIDS RV SERVICE & SALES INC. | EF |  New | 4.18.2024,006Po00000CBoc5IAD
UCC Filing - The Redeemed Christian Church of God (Desire of NA | EF |  New |,006Po00000AvYYgIAN
UCC Filing - Juarez Stone LLC | EF |  New | 3.18.2024,006Po00000AECGUIA5
"UCC Filing - Epic Training, L.L.C. | EF |  New | 4.1.2024",006Po00000B5PvVIAV
UCC Filing - DataOnline LLC | EF |  New | 3.1.2024,006Po000009Hi4IIAS
UCC Filing - Joseph Anthony Hair Studio Inc. | EF |  New | 4.4.2024,006Po00000BLPjRIAX
"UCC Filing - Hari of Warren, Inc. | EF |  New | 4.3.2024",006Po00000BEim3IAD
UCC Filing - 24 South Apparel LLC | EF |  New | 3.25.2024,006Po00000Af8QWIAZ
UCC Filing - D & D Trash Services Incorporated | EF |  New | 4.17.2024,006Po00000C6mMPIAZ
UCC Filing - Modern Waste Disposal LLC | EF |  New | 3.28.2024,006Po00000ArMUTIA3
"UCC Filing - Three Odd Guys Brewing of Longwood, LLC | EF |  New | 4.12.2024",006Po00000BrSxWIAV
UCC Filing - CARDEN CONTRACTING LLC | EF |  New | 4.1.2024,006Po00000B5csmIAB
UCC Filing - D B M Properties LLC | EF |  New | 4.3.2024,006Po00000BGil7IAD
UCC Filing - Tower Wav LLC | EF |  New | 3.26.2024,006Po00000AjiaEIAR
UCC Filing - Fontana Demolition & Excavating LLC | EF |  New | 4.11.2024,006Po00000Boo9lIAB
UCC Filing - New York Optical Group Inc. | EF |  New | 2.29.2024,006Po000009DFSIIA4
"UCC Filing - Innova Firm, LLC | EF |  New | 4.10.2024",006Po00000Bl10kIAB
UCC Filing - Downtown First Properties LLC | EF |  New | 3.19.2024,006Po00000AJmXpIAL
UCC Filing - A. American Medical Rentals Inc. | EF |  New | 4.1.2024,006Po00000B4s6jIAB
UCC Filing - Step Up Inc | EF |  New | 4.10.2024,006Po00000BkAB0IAN
UCC Filing - New Look Lawn Service Corp | EF |  New | 4.1.2024,006Po00000B5VODIA3
UCC Filing - Gallic Holdings Inc | EF |  New | 4.2.2024,006Po00000B9eZPIAZ
UCC Filing - Midland Express Urgent and Family Care PLC | EF |  New | 4.5.2024,006Po00000BPko6IAD
"UCC Filing - Peak Clinical Diagnostics, LLC | EF |  New | 3.26.2024",006Po00000AjJK5IAN
"UCC Filing - Philema Express, LLC | EF |  New | 4.16.2024",006Po00000C3QFDIA3
UCC Filing - United 4 SA LLC | EF |  New | 3.27.2024,006Po00000AnRFpIAN
UCC Filing - CH 130 Corp. | EF |  New | 4.18.2024,006Po00000CAcrWIAT
"UCC Filing - Dave's Sawmill, LLC | EF |  New | 4.23.2024",006Po00000CQVVvIAP
UCC Filing - Home Creative Solutions Design Inc EF: 2/12/2024,006Po000008GWDIIA4
UCC Filing - A & M Property 2 LLC | EF |  New | 4.10.2024,006Po00000Bjxf7IAB
"UCC Filing - A&R Nursery Sales, Inc. EF: 11/12/2021",006Dn00000FCgCEIA1
"UCC Filing - Roll Well Enterprises, Inc. | EF |  New | 4.1.2024",006Po00000B5c7zIAB
"UCC Filing - William Lewis, Individual | EF |  New | 3.7.2024",006Po000009aRR7IAM
UCC Filing - GKI Media Inc. | EF |  New | 4.22.2024,006Po00000CNPObIAP
"UCC Filing - MULTISCOPE, LLC | EF |  New | 4.25.2024",006Po00000CYWEhIAP
UCC Filing - Smart Service Dist Corp | EF |  New | 4.26.2024,006Po00000Cd2FyIAJ
UCC Filing - Riverdog LLC | EF |  New | 3.21.2024,006Po00000ASepZIAT
UCC Filing - Disposal Services LLC | EF |  New | 3.22.2024,006Po00000AVbLiIAL
"UCC Filing - O D S, Inc. | EF |  New | 4.30.2024",006Po00000CpiMfIAJ
"UCC Filing - Elevate Training, LLC | EF |  New | 4.29.2024",006Po00000CjHc8IAF
"UCC Filing - GBG, LLC EF: 12/28/2023",006Po00000865btIAA
UCC Filing - Savannah Toast LLC | EF |  New | 3.19.2024,006Po00000AHjZFIA1
UCC Filing - Big Dawg Party Rentals LLC | EF |  New | 4.5.2024,006Po00000BQzKrIAL
"UCC Filing - Juan Aguilar, Individual EF: 1/4/2024",006Po00000865lyIAA
UCC Filing - Duff's Dumpsters LLC | EF |  New | 4.30.2024,006Po00000Cp8RFIAZ
"UCC Filing - Revamp Nail Spa, LLC | EF |  New | 4.30.2024",006Po00000CoI4TIAV
UCC Filing - A Barricade Company LLC | EF |  New | 3.20.2024,006Po00000ANWvyIAH
UCC Filing - Himalayan Grocery LLC | EF |  New | 4.19.2024,006Po00000CEehpIAD
UCC Filing - Crabbae LLC | EF |  New | 5.3.2024,006Po00000D1GpeIAF
UCC Filing - Division 4 Construction LLC | EF |  New | 5.3.2024,006Po00000D0gtdIAB
"UCC Filing - N2it Plumbing & Sewer Services, Inc. | EF |  New | 3.19.2024",006Po00000AHpI6IAL
UCC Filing - AA&L LLC | EF |  New | 4.8.2024,006Po00000Bdo1pIAB
UCC Filing - Big Dawg Party Rentals LLC | EF |  New | 5.3.2024,006Po00000D0nHPIAZ
"UCC Filing - Showtime Bowl, Inc. | EF |  New | 3.7.2024",006Po000009aiLWIAY
"UCC Filing - Lamb Screen Printing, Inc. | EF |  New | 4.16.2024",006Po00000C3LNZIA3
"UCC Filing - Jeremy Yoder, Individual | EF |  New | 5.6.2024",006Po00000D8kCfIAJ
UCC Filing - Black Dust Contracting LLC EF: 1/22/2024,006Po00000867rZIAQ
"UCC Filing - JS Productions, LLC EF: 2/16/2024",006Po000008UUx2IAG
UCC Filing - A to Z Towing LLC | EF |  New | 4.22.2024,006Po00000CNBtVIAX
"UCC Filing - Rami Ba, LLC | EF |  New | 5.1.2024",006Po00000CtST0IAN
UCC Filing - Patriot Property and Lawn Services LLC | EF |  New | 4.8.2024,006Po00000BcXHbIAN
UCC Filing - Gymnastics Gahanna LLC | EF |  New | 3.6.2024,006Po000009XWtZIAW
"UCC Filing - Infinity Fiber, Inc. | EF |  New | 2.21.2024",006Po000008ko5GIAQ
UCC Filing - Saeed Oil Co. | EF |  New | 4.24.2024,006Po00000CUf5FIAT
"UCC Filing - SKD Real Estate, LLC | EF |  New | 4.16.2024",006Po00000C46cbIAB
"UCC Filing - CLI Studios, Inc. | EF |  New | 5.8.2024",006Po00000DGa1dIAD
UCC Filing - Pehl Contracting Inc | EF |  New | 3.25.2024,006Po00000AedT9IAJ
UCC Filing - Bam Fitness North LLC | EF |  New | 4.24.2024,006Po00000CU8E9IAL
UCC Filing - Viking Dumpsters L.L.C | EF |  New | 5.14.2024,006Po00000DU2XxIAL
"UCC Filing - SACWP, LLC | EF |  New | 5.8.2024",006Po00000DHLoYIAX
UCC Filing - Siren Rentals LLC | EF |  New | 3.4.2024,006Po000009NgW2IAK
UCC Filing - Arbor Rite LLC | EF |  New | 5.13.2024,006Po00000DRC2QIAX
UCC Filing - Oxford Hospitality LLC EF: 2/7/2024,006Po000008UGu5IAG
"UCC Filing - AGM Contractors, LLC. | EF |  New | 5.14.2024",006Po00000DUvRBIA1
"UCC Filing - Encore Luxury Coach Leasing TN, Inc. | EF |  New | 4.26.2024",006Po00000Ccf3GIAR
"UCC Filing - Plumbs Up,LLC | EF |  New | 5.10.2024",006Po00000DMicPIAT
UCC Filing - Infinity Custom Built Homes LLC | EF |  New | 5.16.2024,006Po00000DdNZyIAN
UCC Filing - Millenium Production LLC | EF |  New | 5.2.2024,006Po00000Cw2cGIAR
UCC Filing - Shreenath Properties LLC | EF |  New | 4.29.2024,006Po00000CkpjlIAB
"UCC Filing - King Door Cabinets, LLC | EF |  New | 5.7.2024",006Po00000DDLFGIA5
"UCC Filing - Master's Construction Services, LLC | EF |  New | 5.8.2024",006Po00000DGvm4IAD
UCC Filing - Classic Mouldings & Millwork Inc. | EF |  New | 5.6.2024,006Po00000D9AQVIA3
UCC Filing - A S Farishta LLC | EF |  New | 5.6.2024,006Po00000D7vPFIAZ
UCC Filing - SA&G Canton Hoagies LLC | EF |  New | 3.18.2024,006Po00000AF0unIAD
"UCC Filing - EPYPE, LLC | EF |  New | 4.4.2024",006Po00000BKnz7IAD
"UCC Filing - LIFE TECH, INC. | EF |  New | 2.21.2024",006Po000008j0DPIAY
UCC Filing - Cobb Pkwy South LLC | EF |  New | 4.16.2024,006Po00000C3NlxIAF
UCC Filing - SIP 7861 LLC | EF |  New | 5.2.2024,006Po00000CxulfIAB
UCC Filing - Supreme Construction & Development LLC | EF |  New | 5.20.2024,006Po00000DmvAzIAJ
UCC Filing - High Tide Pro Wash Services LLC | EF |  New | 5.20.2024,006Po00000DnDSrIAN
UCC Filing - DB Production Services LLC | EF |  New | 4.17.2024,006Po00000C604rIAB
UCC Filing - Paradise Organization Corp. | EF |  New | 5.21.2024,006Po00000DpvOBIAZ
UCC Filing - CWL Brands LLC | EF |  New | 5.16.2024,006Po00000DcJDRIA3
UCC Filing - Attitude Baptist Church of Orlando Inc | EF |  New | 3.28.2024,006Po00000AqauTIAR
"UCC Filing - Robinson Bender Services and Automation, Inc. | EF |  New | 4.24.",006Po00000CTc7pIAD
"UCC Filing - O2 Media, Inc. | EF |  New | 5.16.2024",006Po00000DcBuFIAV
UCC Filing - Drop In Commercial Properties LLC | EF |  New | 5.3.2024,006Po00000D1fXuIAJ
"UCC Filing - Mig, Co. | EF |  New | 5.22.2024",006Po00000DuFGEIA3
UCC Filing - Tap Brickell LLC | EF |  New | 4.16.2024,006Po00000C1vzpIAB
UCC Filing - Vanguard Utilities LLC | EF |  New | 5.7.2024,006Po00000DCySLIA1
UCC Filing - The Rice Wagon LLC | EF |  New | 5.9.2024,006Po00000DJLKcIAP
UCC Filing - Super Chihuahua LLC | EF |  New | 5.21.2024,006Po00000DqlEfIAJ
UCC Filing - State Line Paving LLC | EF |  New | 5.24.2024,006Po00000DzYIXIA3
UCC Filing - Paradise Alley LLC | EF |  New | 5.17.2024,006Po00000DhDFRIA3
"UCC Filing - CN Express, LLC | EF |  New | 2.28.2024",006Po0000098QszIAE
"UCC Filing - Snowy Range Resorts, Inc. | EF |  New | 5.14.2024",006Po00000DV5bpIAD
"UCC Filing - Jerrold A. Watson & Sons, LLC | EF |  New | 5.6.2024",006Po00000D7xwoIAB
"UCC Filing - Terra Nossa Braintree, Inc. | EF |  New | 5.13.2024",006Po00000DRpzqIAD
"UCC Filing - MAS Concrete Construction, Inc. | EF |  New | 5.17.2024",006Po00000DhOR0IAN
UCC Filing - Silent Hero LLC | EF |  New | 5.30.2024,006Po00000EEYxqIAH
"UCC Filing - BAY METAL, INC. | EF |  New | 5.29.2024",006Po00000EC8jLIAT
UCC Filing - Santa Fe Steel Company | EF |  New | 5.30.2024,006Po00000EF9xOIAT
"UCC Filing - Genco Energy Services, Inc. | EF |  New | 3.14.2024",006Po00000A1fRZIAZ
UCC Filing - Ami 78 LLC | EF |  New | 5.28.2024,006Po00000E8RpNIAV
"UCC Filing - Truwear, LLC | EF |  New | 5.22.2024",006Po00000DtjY6IAJ
UCC Filing - Orthosupply LLC | EF |  New | 3.14.2024,006Po00000A1j5NIAR
"UCC Filing - TreeTech, LLC | EF |  New | 5.3.2024",006Po00000D1GL0IAN
"UCC Filing - Soco Production, LLC | EF |  New | 3.11.2024",006Po000009nu5VIAQ
UCC Filing - Ganesh2024 Inc. | EF |  New | 5.20.2024,006Po00000DmSP9IAN
UCC Filing - The Ivy Ballroom L.P. | EF |  New | 4.17.2024,006Po00000C76kvIAB
"UCC Filing - Shri Hari 2020, Inc. | EF |  New | 5.10.2024",006Po00000DM8VhIAL
UCC Filing - Summit Everett LLC | EF |  New | 3.18.2024,006Po00000AEehNIAT
UCC Filing - Triangular Ascension LLC | EF |  New | 5.30.2024,006Po00000EERoHIAX
UCC Filing - Elite-Care Cardiology & Vascular Center PLLC | EF |  New | 5.21.2,006Po00000DqxxPIAR
UCC Filing - SHIV HOTEL CORPORATION | EF |  New | 5.28.2024,006Po00000E8tvJIAR
UCC Filing - Quickie Car Wash of Wallington LLC | EF |  New | 4.15.2024,006Po00000ByL9hIAF
"UCC Filing - THE KEARNEY COMPANIES, INC. | EF |  New | 6.3.2024",006Po00000ENCBhIAP
"UCC Filing - Northwest Eye Specialists, P.L.L.C. | EF |  New | 5.1.2024",006Po00000CsOZWIA3
"UCC Filing - Clean Plate Restaurants, Inc. | EF |  New | 3.13.2024",006Po000009wHZcIAM
UCC Filing - Casa Humilde Cerveceria Artesanal LLC | EF |  New | 4.19.2024,006Po00000CDzpuIAD
"UCC Filing - Blue Hippo, LLC | EF |  New | 5.7.2024",006Po00000DDeZeIAL
"UCC Filing - Cassidy's Corner Cafe Commissary, LLC | EF |  New | 5.16.2024",006Po00000DcAJrIAN
"UCC Filing - 4J's Printing, LLC | EF |  New | 5.24.2024",006Po00000E0SidIAF
UCC Filing - NSJSIJ LLC | EF |  New | 5.22.2024,006Po00000DtySIIAZ
UCC Filing - CM Construction Group LLC | EF |  New | 5.15.2024,006Po00000DWYgbIAH
UCC Filing - Belknap Electric L.L.C | EF |  New | 6.10.2024,006Po00000EiRm1IAF
UCC Filing - Holiday Cleaners LLC | EF |  New | 5.15.2024,006Po00000DWYGpIAP
UCC Filing - Khajoor Baba Ji Inc. | EF |  New | 4.30.2024,006Po00000CoWfKIAV
UCC Filing - Elios Concrete LLC | EF |  New | 6.7.2024,006Po00000EaZVSIA3
UCC Filing - Country Club 2087 Inc. | EF |  New | 4.25.2024,006Po00000CYjdKIAT
"UCC Filing - AAA Cadwell, LLC | EF |  New | 6.3.2024",006Po00000ENYFSIA5
UCC Filing - Metrolina Tree Co. | EF |  New | 6.6.2024,006Po00000EXygVIAT
"UCC Filing - Taylor's Land Clearing, LLC | EF |  New | 6.6.2024",006Po00000EYig5IAD
"UCC Filing - B&P Moore Investment 3, LLC | EF |  New | 5.31.2024",006Po00000EHxN1IAL
UCC Filing - Shree Ekadanta Inc | EF |  New | 5.14.2024,006Po00000DTvt3IAD
UCC Filing - Life Church Of God In Christ | EF |  New | 6.11.2024,006Po00000EmRAkIAN
"UCC Filing - Storibox Technologies, Inc. | EF |  New | 5.29.2024",006Po00000EBlDGIA1
"UCC Filing - Dalex Laboratories, LLC. | EF |  New | 5.22.2024",006Po00000DtwOsIAJ
"UCC Filing - Auto World Collision, LLC | EF |  New | 3.7.2024",006Po000009b2SHIAY
UCC Filing - Walton Fuels LLC | EF |  New | 5.24.2024,006Po00000E08dRIAR
"UCC Filing - 4th Street Coffee, LLC | EF |  New | 5.17.2024",006Po00000DhnNnIAJ
"UCC Filing - HARDWICK HOUSE OF PIZZA, INC. | EF |  New | 5.29.2024",006Po00000ECP2bIAH
UCC Filing - SUMMIT HOSPITALITY LLC | EF |  New | 6.14.2024,006Po00000EvFdNIAV
UCC Filing - JIANG CAPITAL CORP | EF |  New | 6.13.2024,006Po00000Ertb0IAB
"UCC Filing - GK Foods, Inc. | EF |  New | 6.10.2024",006Po00000Ehq3LIAR
"UCC Filing - McClendon's Portable Toilet, Inc. | EF |  New | 6.12.2024",006Po00000EpOEoIAN
"UCC Filing - Shandad, L.L.C. | EF |  New | 6.17.2024",006Po00000F0Tr0IAF
"UCC Filing - Danay Jimenez, Individual | EF |  New | 3.20.2024",006Po00000AMJkcIAH
"UCC Filing - ADVANCED 4 SOLUTIONS, INC. | EF |  New | 6.19.2024",006Po00000F7ENNIA3
UCC Filing - Thompson Roofing & Reconstruction LLC | EF |  New | 5.28.2024,006Po00000E9Wv3IAF
UCC Filing - NutraGem LLC | EF |  New | 6.5.2024,006Po00000EUS3eIAH
"UCC Filing - S & D Transfer Logistics, Inc. | EF |  New | 6.19.2024",006Po00000F7XJaIAN
UCC Filing - Networks United LLC | EF |  New | 6.4.2024,006Po00000EQdyXIAT
"UCC Filing - America United Development, LLC | EF |  New | 6.12.2024",006Po00000EoQ8vIAF
UCC Filing - Rudolph Logistics North America Inc. | EF |  New | 4.26.2024,006Po00000CbguDIAR
"UCC Filing - BS Liquor, LLC | EF |  New | 6.14.2024",006Po00000EveALIAZ
"UCC Filing - Huffman & Huffman, P.S.C. | EF |  New | 5.23.2024",006Po00000DxGR3IAN
UCC Filing - Sweca LLC | EF |  New | 6.14.2024,006Po00000EunXSIAZ
UCC Filing - Seoul Market Corporation | EF |  New | 6.25.2024,006Po00000FMYnCIAX
"UCC Filing - KSW Holdings, LLC | EF |  New | 6.26.2024",006Po00000FPvLpIAL
UCC Filing - BDS 1 Inc | EF |  New | 6.10.2024,006Po00000EhUFhIAN
"UCC Filing - Texarome, Inc. | EF |  New | 6.27.2024",006Po00000FUS6JIAX
"UCC Filing - Buffalo Services, Incorporated | EF |  New | 6.17.2024",006Po00000F2TIDIA3
UCC Filing - Just Right Services LLC | EF |  New | 6.20.2024,006Po00000FBFpYIAX
"UCC Filing - United Disposal, Inc. | EF |  New | 6.20.2024",006Po00000FBRU5IAP
"UCC Filing - Ono Creative Restaurant Group, LLC | EF |  New | 6.5.2024",006Po00000ETibtIAD
"UCC Filing - HESS LIGHTING II, INC. | EF |  New | 6.27.2024",006Po00000FTmWrIAL
"UCC Filing - HESS LIGHTING II, INC. | EF |  New | 6.27.2024",006Po00000FTmWrIAL
UCC Filing - AllShow Plus Inc. | EF |  New | 6.26.2024,006Po00000FRkMHIA1
UCC Filing - Mighty Mo Fuel Co. LLC | EF |  New | 6.20.2024,006Po00000F9bvnIAB
"UCC Filing - UTSAV Enterprise, LLC | EF |  New | 6.24.2024",006Po00000FKKjXIAX
"UCC Filing - Pipeshield, Inc. | EF |  New | 4.9.2024",006Po00000BgPenIAF
"UCC Filing - D&T Foodngeaux, LLC | EF |  New | 6.26.2024",006Po00000FR8P3IAL
"UCC Filing - Alvarado Sand and Gravel, LLC | EF |  New | 6.21.2024",006Po00000FEPnVIAX
"UCC Filing - El Rancho Grande Mexican Restaurant of Troy, Inc. | EF |  New | 6",006Po00000FQdMrIAL
UCC Filing - Luis Welding & Iron Works Inc | EF |  New | 6.25.2024,006Po00000FNMbvIAH
"UCC Filing - AJ Granite and Tile, LLC | EF |  New | 7.3.2024",006Po00000FmyIzIAJ
UCC Filing - MAFJ Clintonville Donuts LLC | EF |  New | 5.23.2024,006Po00000DwUuJIAV
UCC Filing - HH/ECC LLC | EF |  New | 6.13.2024,006Po00000ErWT9IAN
"UCC Filing - Alam, Inc. | EF |  New | 6.12.2024",006Po00000EoYT3IAN
"UCC Filing - Huckabay Industries, Inc. | EF |  New | 7.5.2024",006Po00000Fr3LhIAJ
UCC Filing - YMN Inc | EF |  New | 6.20.2024,006Po00000F9xTFIAZ
UCC Filing - BHCC LLC | EF |  New | 7.1.2024,006Po00000FeWRxIAN
UCC Filing - Yimi S. Aguilera Construction LLC | EF |  New | 6.3.2024,006Po00000EOAm9IAH
"UCC Filing - KHH, LLC | EF |  New | 7.9.2024",006Po00000G0IqAIAV
"UCC Filing - Nesbit Recycling, LLC | EF |  New | 6.6.2024",006Po00000EX66bIAD
"UCC Filing - CAR & MERA, LLC | EF |  New | 7.9.2024",006Po00000Fzl4cIAB
"UCC Filing - Angel Herrera Ruelas, Individual | EF |  New | 5.16.2024",006Po00000De0LCIAZ
UCC Filing - Sadow Excavation & Grading LLC | EF |  New | 7.2.2024,006Po00000FiY5OIAV
UCC Filing - 541 Marcotte's Motorsports LLC | EF |  New | 7.3.2024,006Po00000FlvNBIAZ
"UCC Filing - Premier Concrete and Landscapes of WNY, Inc. | EF |  New | 6.7.20",006Po00000Eau7DIAR
UCC Filing - MAPLE VALLEY CREAMERY LLC | EF |  New | 5.16.2024,006Po00000DdTDxIAN
UCC Filing - Jai Shree Hanuman Inc | EF |  New | 7.11.2024,006Po00000G8ROQIA3
"UCC Filing - White Sands Integrative Medical, Inc. | EF |  New | 7.15.2024",006Po00000GFykDIAT
UCC Filing - South Evolution Inc | EF |  New | 6.17.2024,006Po00000F0gmbIAB
"UCC Filing - Faith Chapel Christian Center, Inc. | EF |  New | 6.25.2024",006Po00000FNKVFIA5
UCC Filing - KINFOLKS AWARD WINNING BARBECUE LLC | EF |  New | 7.15.2024,006Po00000GHd5OIAT
"UCC Filing - Underground Pipeline Rehabilitation, Inc. | EF |  New | 6.3.2024",006Po00000EOxy9IAD
UCC Filing - RQAR LLC | EF |  New | 7.17.2024,006Po00000GMRrbIAH
"UCC Filing - Jasvir Sohal, Individual | EF |  New | 6.18.2024",006Po00000F5rSrIAJ
UCC Filing - All Stone Concepts LLC | EF |  New | 7.16.2024,006Po00000GJNu9IAH
"UCC Filing - Isabella Foods, Inc. | EF | New | 5.6.2024",006Po00000D7rEeIAJ
"UCC Filing - Jay's Pro Arborist Care, LLC | EF |  New | 7.16.2024",006Po00000GKVo1IAH
"UCC Filing - Blue Line Bins, LLC | EF |  New | 6.11.2024",006Po00000ElH0XIAV
UCC Filing - Lyft All Corp | EF |  New | 7.15.2024,006Po00000GGwBhIAL
"UCC Filing - Dave Allen and Company, LLC | EF |  New | 6.11.2024",006Po00000ElGXWIA3
"UCC Filing - Michael  McEvers, Individual | EF |  New | 7.9.2024",006Po00000G1PsnIAF
"UCC Filing - Kairos Distributors, Inc. | EF |  New | 7.15.2024",006Po00000GG2MPIA1
UCC Filing - Fad Henry Street Food Corp. | EF |  New | 6.20.2024,006Po00000FBGC5IAP
UCC Filing - Amma's Newtown LLC | EF |  New | 7.12.2024,006Po00000GBnQnIAL
"UCC Filing - Pa K Vang, Individual | EF |  New | 7.18.2024",006Po00000GRdwvIAD
"UCC Filing - Fisherman's Catch, Inc. | EF |  New | 7.2.2024",006Po00000FioOgIAJ
"UCC Filing - Riga Construction, LLC | EF |  New | 7.18.2024",006Po00000GRPyoIAH
"UCC Filing - St. Claire’s Organics, Inc. | EF |  New | 7.16.2024",006Po00000GKbNCIA1
UCC Filing - FIBER-TEL & CABLE CO. LLC. | EF |  New | 7.11.2024,006Po00000G73b4IAB
"UCC Filing - S. A. R. G. Oroville, Inc. | EF |  New | 6.27.2024",006Po00000FUUXtIAP
UCC Filing - Mirin Construction Management Consulting Services Incorporated |,006Po00000GZPfeIAH
UCC Filing - PIZZA KING NC Inc | EF |  New | 4.8.2024,006Po00000BcEExIAN
"UCC Filing - First Baptist Church of Collierville, Inc. | EF |  New | 7.23.202",006Po00000GfaEQIAZ
"UCC Filing - SDM BAR & GRILLE III, INC. | EF |  New | 7.12.2024",006Po00000GBh0PIAT
"UCC Filing - American Medical Emergency Dispatch, LLC | EF |  New | 7.9.2024",006Po00000G0hOjIAJ
UCC Filing - Pelipost Technologies LLC | EF |  New | 6.10.2024,006Po00000Ei8BVIAZ
"UCC Filing - Big Mike's BBQ, Inc. | EF |  New | 7.17.2024",006Po00000GMTwbIAH
UCC Filing - Jaspens Inc. | EF |  New | 7.25.2024,006Po00000GnJGPIA3
"UCC Filing - Caleco, LLC | EF |  New | 6.28.2024",006Po00000FWsJDIA1
UCC Filing - BXB HOLDINGS LLC | EF |  New | 7.11.2024,006Po00000G7IVFIA3
"UCC Filing - Silvino's Pork, Rinds and More LLC | EF |  New | 7.8.2024",006Po00000Fx5sfIAB
UCC Filing - Innovative Heights Denton LLC | EF |  New | 7.18.2024,006Po00000GRF0AIAX
UCC Filing - Innovative Heights Wauwatosa LLC | EF |  New | 7.19.2024,006Po00000GTaIDIA1
"UCC Filing - Freedom Printing & Apparel, LLC | EF |  New | 7.22.2024",006Po00000GZrxtIAD
UCC Filing - THE CULTURE POWERED BY TURF SHREDDERS LLC | EF |  New | 7.26.2024,006Po00000Gr8izIAB
"UCC Filing - Wright Materials, LLC | EF |  New | 7.26.2024",006Po00000GrlkMIAR
"UCC Filing - Pollo Tropical, Inc. | EF |  New | 7.26.2024",006Po00000GqFmXIAV
UCC Filing - Joe Harris Jr. Trucking Inc. Del-Ark Consulting | EF |  New | 7.1,006Po00000GGvUAIA1
UCC Filing - Hwy Smoke & Liquor Inc | EF |  New | 7.15.2024,006Po00000GHPTpIAP
UCC Filing - Budge It Drains Inc | EF |  New | 7.30.2024,006Po00000H3lTgIAJ
"UCC Filing - Vision Consultants, PC | EF |  New | 6.27.2024",006Po00000FUiEJIA1
"UCC Filing - Rojas Granite and Marble, LLC | EF |  New | 7.26.2024",006Po00000GqcROIAZ
"UCC Filing - Hinton Auto Transport, Inc. | EF |  New | 7.26.2024",006Po00000GqiRwIAJ
"UCC Filing - David Sullivan, Individual | EF |  New | 6.27.2024",006Po00000FUDyTIAX
UCC Filing - JP Quality Painting LLC | EF |  New | 7.25.2024,006Po00000GmnDJIAZ
UCC Filing - Carden Contracting LLC | EF |  New | 7.25.2024,006Po00000GlkhLIAR
UCC Filing - Stellar Productions NY Inc. | EF |  New | 7.2.2024,006Po00000Fj9WMIAZ
"UCC Filing - Luling Living Center, L.L.C. | EF |  New | 5.10.2024",006Po00000DLqkHIAT
UCC Filing - Rentex Incorporated | EF |  New | 7.15.2024,006Po00000GGPZ8IAP
UCC Filing - Triode Media Group Ltd. | EF |  New | 7.29.2024,006Po00000GzWwEIAV
"UCC Filing - Braedy Benjamins Enterprises, Inc. | EF |  New | 7.23.2024",006Po00000Gdy1VIAR
"UCC Filing - Custom Golf Products, LLC | EF |  New | 7.25.2024",006Po00000GnhLyIAJ
UCC Filing - William Di Paolo Inc. | EF |  New | 7.16.2024,006Po00000GJDOXIA5
UCC Filing - Beware Of Dog LLC | EF |  New | 7.19.2024,006Po00000GUDoDIAX
"UCC Filing - Gulf Coast Elite Gymnastics, LLC | EF |  New | 7.15.2024",006Po00000GHFsfIAH
"UCC Filing - MPJD, LLC | EF |  New | 7.22.2024",006Po00000Gaai7IAB
"UCC Filing - TWINS LODGING, INC. | EF |  New | 7.18.2024",006Po00000GRPsOIAX
UCC Filing - Red Velvet Bistro LLC | EF |  New | 7.24.2024,006Po00000Gi60VIAR
UCC Filing - Birdiebox LLC | EF |  New | 6.20.2024,006Po00000F9uIUIAZ
UCC Filing - Greysteele Properties LLC | EF |  New | 8.2.2024,006Po00000HI3H1IAL
UCC Filing - Harrison Reclaimed Lumber LLC | EF |  New | 8.2.2024,006Po00000HKFU9IAP
"UCC Filing - Storibox Technologies, Inc. | EF |  New | 7.29.2024",006Po00000GzRuxIAF
UCC Filing - Kingdom Coffee Roasters LLC | EF |  New | 8.5.2024,006Po00000HSBuoIAH
UCC Filing - Pizza Uncommon LLC | EF |  New | 7.2.2024,006Po00000FiRNFIA3
"UCC Filing - Loc Nguyen, Individual | EF |  New | 7.22.2024",006Po00000GZf2JIAT
UCC Filing - Kopp Foodmart Inc | EF |  New | 8.1.2024,006Po00000HFOxwIAH
"UCC Filing - Life House Church of Orlando, Inc. | EF |  New | 7.29.2024",006Po00000H0KcrIAF
UCC Filing - Bell Excavation LLC | EF |  New | 8.7.2024,006Po00000HdnOuIAJ
"UCC Filing - Flare Services, LLC | EF |  New | 8.5.2024",006Po00000HUXWDIA5
"UCC Filing - Orchard Audio Visual, LLC | EF |  New | 8.7.2024",006Po00000HceCLIAZ
"UCC Filing - HXC Performance, LLC | EF |  New | 8.2.2024",006Po00000HJHo9IAH
"UCC Filing - INFINITY TIRE SUPPLIES, LLC | EF |  New | 7.22.2024",006Po00000GZum5IAD
UCC Filing - 1170 Middle Road LLC | EF |  New | 7.15.2024,006Po00000GHfITIA1
UCC Filing - Murphy's Retail Store LLC | EF |  New | 7.12.2024,006Po00000GAwazIAD
"UCC Filing - Portfolio Advisors, Inc. | EF |  New | 7.31.2024",006Po00000HB7NlIAL
UCC Filing - X Sushi Express 1 Corp. | EF |  New | 7.25.2024,006Po00000Go0A5IAJ
"UCC Filing - Northline Surveying, Inc. | EF |  New | 8.13.2024",006Po00000I6KWLIA3
"UCC Filing - Aesir Group International, Inc. | EF |  New | 7.17.2024",006Po00000GMy2jIAD
UCC Filing - PKL Park GVL LLC | EF |  New | 6.25.2024,006Po00000FMbulIAD
UCC Filing - Old Mt. Zion Baptist Church | EF |  New | 6.20.2024,006Po00000FBfonIAD
"UCC Filing - Alpha to Omega Precision Industrial Maintenance, Inc. | EF |  New",006Po00000GRl6TIAT
"UCC Filing - Viper Energy Technology, LLC | EF |  New | 7.29.2024",006Po00000GzpgZIAR
UCC Filing - R Services Stoner's Pizza Joint LLC | EF |  New | 8.13.2024,006Po00000I5YaTIAV
"UCC Filing - Vela Rentals, LLC | EF |  New | 6.4.2024",006Po00000ERNznIAH
UCC Filing - Ross Guys LLC | EF |  New | 3.26.2024,006Po00000Ai3FlIAJ
UCC Filing - MORZANA CORP | EF |  New | 7.2.2024,006Po00000FjWZOIA3
UCC Filing - Roswell Union Corporation | EF |  New | 7.11.2024,006Po00000G7JO7IAN
"UCC Filing - A.K. LANDSCAPING MAINTENANCE, INC. | EF |  New | 7.31.2024",006Po00000HAqRlIAL
UCC Filing - Jacobs Excavation & Land Design LLC | EF |  New | 7.15.2024,006Po00000GHWiCIAX
"UCC Filing - MetroVision Media Productions, Inc. | EF |  New | 6.14.2024",006Po00000EvhwEIAR
UCC Filing - Nimi 100 Inc | EF |  New | 7.30.2024,006Po00000H4IB3IAN
UCC Filing - Walton Construction LLC | EF |  New | 8.20.2024,006Po00000Id0c5IAB
"UCC Filing - JMB Loving Care, LLC | EF |  New | 6.24.2024",006Po00000FJyMPIA1
"UCC Filing - Michael James, LLC | EF |  New | 8.22.2024",006Po00000IpUGDIA3
UCC Filing - Tango Bravo Equipment LLC | EF |  New | 8.5.2024,006Po00000HTBBDIA5
"UCC Filing - Morgan & Thornburg, Inc | EF |  New | 8.23.2024",006Po00000IuNaiIAF
UCC Filing - Lauti Construction LLC | EF |  New | 7.11.2024,006Po00000G8YZZIA3
"UCC Filing - TMK Holding Company, LLC | EF |  New | 8.22.2024",006Po00000IrW7RIAV
"UCC Filing - 1401 9th Ave NW, LLC | EF |  New | 7.11.2024",006Po00000G7V5uIAF
"UCC Filing - Hartsville Hospitality Group, LLC | EF |  New | 8.9.2024",006Po00000HmyzNIAR
UCC Filing - Refresh Family Church | EF |  New | 5.31.2024,006Po00000EIoERIA1
"UCC Filing - Riggers Store 1, LLC | EF |  New | 7.11.2024",006Po00000G7gCbIAJ
"UCC Filing - Abramowski Group, Inc. | EF |  New | 8.21.2024",006Po00000IlzorIAB
"UCC Filing - Lakeside Timber & Land Management, LLC | EF |  New | 8.27.2024",006Po00000J7zJyIAJ
"UCC Filing - GDM Group, LLC | EF |  New | 8.6.2024",006Po00000HZDv3IAH
UCC Filing - Arbor Solutions LLC | EF |  New | 8.28.2024,006Po00000JBgyfIAD
UCC Filing - The House Church | EF |  New | 8.27.2024,006Po00000J84BZIAZ
UCC Filing - Carousel's LLC | EF |  New | 3.4.2024,006Po000009NFKCIA4
"UCC Filing - CONGREGATION BETH SHOLOM AND COMMUNITY CENTER, INC. | EF |  New |",006Po00000I4GyHIAV
UCC Filing - Triode Media Group Ltd. | EF |  New | 8.27.2024,006Po00000J7tWJIAZ
UCC Filing - OC LAUNDROMAT LLC | EF |  New | 8.29.2024,006Po00000JGmLtIAL
UCC Filing - Tavernier T's LLC | EF |  New | 8.28.2024,006Po00000JBkvpIAD
UCC Filing - Measurable Accurate Digital Solutions LLC | EF |  New | 8.14.2024,006Po00000IAfAoIAL
UCC Filing - The Culinary Factory LLC | EF |  New | 8.20.2024,006Po00000IerZXIAZ
UCC Filing - Mayaland LLC | EF |  New | 6.24.2024,006Po00000FKewjIAD
"UCC Filing - M. Rose International, LLC | EF |  New | 8.27.2024",006Po00000J7R0aIAF
UCC Filing - All Hale Meats LLC | EF |  New | 8.12.2024,006Po00000Hy2JhIAJ
"UCC Filing - Seventh Wave Refreshments, Inc. | EF |  New | 8.13.2024",006Po00000I62rBIAR
"UCC Filing - Axis Rental Solutions, LLC | EF |  New | 8.30.2024",006Po00000JJahZIAT
"UCC Filing - Patenaude Bush Hogging, Inc. | EF |  New | 9.4.2024",006Po00000JZqPEIA1
UCC Filing - Rise Gymnastics LLC | EF |  New | 8.22.2024,006Po00000IspCrIAJ
"UCC Filing - Running Brook Farms, LLC | EF |  New | 8.29.2024",006Po00000JFnS5IAL
UCC Filing - Wahoos Seafood Grill Tallahassee LLC | EF |  New | 9.3.2024,006Po00000JTQtpIAH
UCC Filing - Care Petroleum Inc. | EF |  New | 8.23.2024,006Po00000IvYFVIA3
"UCC Filing - ProtoTech Manufacturing, Inc | EF |  New | 7.30.2024",006Po00000H4et7IAB
UCC Filing - 2750 Food Corp. | EF |  New | 8.30.2024,006Po00000JLOSbIAP
UCC Filing - Palmetto Wastewater Solutions LLC | EF |  New | 8.26.2024,006Po00000J4CCXIA3
"UCC Filing - The Country Club at Otterkill, LLC | EF |  New | 9.10.2024",006Po00000Jwh1dIAB
"UCC Filing - Frederick's Property Preservation & Inspections, LLC | EF |  New",006Po00000J6MFpIAN
UCC Filing - Alpha Service Fuel Inc | EF |  New | 8.21.2024,006Po00000IkOxqIAF
UCC Filing - Valper Corp | EF |  New | 8.16.2024,006Po00000ILnzcIAD
"UCC Filing - Conceptual Designs, Inc. | EF |  New | 9.6.2024",006Po00000JkUkvIAF
"UCC Filing - Yokey Industries, Inc. | EF |  New | 9.11.2024",006Po00000K4q2xIAB
UCC Filing - Entertainment Fabrication LLC | EF |  New | 9.17.2024,006Po00000Kb4SaIAJ
"UCC Filing - Lachhman Singh, Individual | EF |  New | 9.12.2024",006Po00000K7p8mIAB
UCC Filing - Alpo's Logging LLC | EF |  New | 7.15.2024,006Po00000GGMkvIAH
UCC Filing - ROCKSTAR FLEET SERVICE LLC | EF |  New | 9.20.2024,006Po00000KrFNBIA3
UCC Filing - G Haven Corp. | EF |  New | 9.11.2024,006Po00000K3a8JIAR
UCC Filing - NailVibe Nolen LLC | EF |  New | 8.21.2024,006Po00000IjHDfIAN
UCC Filing - Sohn Enterprises LLC | EF |  New | 9.23.2024,006Po00000L6rFGIAZ
"UCC Filing - Pro Nightscape & Irrigation, Inc. | EF |  New | 9.25.2024",006Po00000LI6ECIA1
"UCC Filing - Wright Logging, LLC | EF |  New | 9.19.2024",006Po00000Kk77sIAB
UCC Filing - Stacks Espresso LLC | EF |  New | 7.29.2024,006Po00000GyeKjIAJ
"UCC Filing - Mumbai Central, LLC | EF |  New | 8.13.2024",006Po00000I44icIAB
UCC Filing - Maxam Graphics LLC | EF |  New | 9.20.2024,006Po00000Ks29OIAR
UCC Filing - Somani Entertainment Group LLC | EF |  New | 6.10.2024,006Po00000Eidf8IAB
"UCC Filing - Cody Smith, Individual | EF |  New | 9.24.2024",006Po00000LEMqzIAH
"UCC Filing - El Molcajete, Inc. | EF |  New | 9.20.2024",006Po00000KtB0wIAF
"UCC Filing - JACK Consulting, LLC | EF |  New | 9.17.2024",006Po00000KayBpIAJ
UCC Filing - Herland Trucking Inc | EF |  New | 9.27.2024,006Po00000LY07xIAD
UCC Filing - Asset Builders LLC | EF |  New | 9.19.2024,006Po00000KmdLKIAZ
"UCC Filing - FL Contractors, LLC | EF |  New | 9.6.2024",006Po00000JjYYrIAN
UCC Filing - Noble Energy Real Estate Holdings LLC | EF |  New | 9.12.2024,006Po00000K8bgQIAR
"UCC Filing - Corporate Care Building Services, L.L.C. | EF |  New | 7.22.2024",006Po00000GasAOIAZ
UCC Filing - Automatic Fitness LLC | EF |  New | 9.12.2024,006Po00000K9aQZIAZ
UCC Filing - Whmaschmeier L.L.C. | EF |  New | 9.20.2024,006Po00000Ks4r9IAB
UCC Filing - 69 SHADES LLC | EF |  New | 10.2.2024,006Po00000M1e6oIAB
"UCC Filing - Warren Restoration, LLC | EF |  New | 10.3.2024",006Po00000MCryNIAT
UCC Filing - JK Construction Management LLC | EF |  New | 10.3.2024,006Po00000MCWvVIAX
"UCC Filing - Fitworks Holding, Limited Liability Company | EF |  New | 9.19.20",006Po00000KkPXnIAN
UCC Filing - UNGARI INVESTMENTS LLC | EF |  New | 10.2.2024,006Po00000M2qtuIAB
UCC Filing - Seville Petroleum LLC | EF |  New | 9.19.2024,006Po00000KnDwgIAF
UCC Filing - Giuliano's Landscaping & Design Corp. | EF |  New | 9.30.2024,006Po00000Loap1IAB
"UCC Filing - New Heights Dental Office, P.C. | EF |  New | 9.20.2024",006Po00000KqH2rIAF
"UCC Filing - Mk Muscle Beach 3, LLC | EF |  New | 9.17.2024",006Po00000KbZzNIAV
UCC Filing - SSB LLC | EF |  New | 10.4.2024,006Po00000MJEYrIAP
"UCC Filing - French Baguette, Inc. | EF |  New | 10.1.2024",006Po00000Lv7yNIAR
"UCC Filing - Raynard Tree Trimming and Firewood, LLC | EF |  New | 10.9.2024",006Po00000MgfoTIAR
"UCC Filing - Curtin Transportation Group, LLC | EF |  New | 9.9.2024",006Po00000JtgGbIAJ
UCC Filing - R Services Stoner's Pizza Joint LLC | EF |  New | 10.8.2024,006Po00000MbBmDIAV
"UCC Filing - Balaji Corporation II, Inc | EF |  New | 9.26.2024",006Po00000LSBndIAH
UCC Filing - Purovite Inc. | EF |  New | 10.4.2024,006Po00000MGgElIAL
UCC Filing - MPHW Inc. | EF |  New | 10.15.2024,006Po00000N7nTNIAZ
"UCC Filing - Topnotch Gourmet 60550, LLC | EF |  New | 8.8.2024",006Po00000HjEkzIAF
"UCC Filing - Topnotch Gourmet 27612, LLC | EF |  New | 8.8.2024",006Po00000HixkAIAR
"UCC Filing - Evergreen Consolidated, LLC | EF |  New | 10.1.2024",006Po00000Lu6LBIAZ
UCC Filing - Industrial & Environmental Services LLC | EF |  New | 9.30.2024,006Po00000LqHYYIA3
UCC Filing - Airport Hotel LLC | EF |  New | 10.9.2024,006Po00000Mi5YoIAJ
"UCC Filing - Hoot Communications, LLC | EF |  New | 10.9.2024",006Po00000MiwI9IAJ
"UCC Filing - Rainbow Hotel Group, Inc. | EF |  New | 9.5.2024",006Po00000JelbZIAR
"UCC Filing - MidAmerica Distributing, L.L.C. | EF |  New | 10.16.2024",006Po00000NDzYHIA1
"UCC Filing - Geronimo Golf Club Operations, LLC | EF |  New | 10.10.2024",006Po00000MoIczIAF
UCC Filing - MJ Trash Removal LLc | EF |  New | 10.15.2024,006Po00000N7jWEIAZ
UCC Filing - Kahl Kreations LLC | EF |  New | 10.17.2024,006Po00000NKf09IAD
"UCC Filing - Waymack and Crew, Inc. | EF |  New | 9.20.2024",006Po00000Kq2iKIAR
"UCC Filing - B&B AUTOMOTIVE AND TIRE SERVICE, LLC | EF |  New | 10.18.2024",006Po00000NPaFzIAL
"UCC Filing - IVNV Wellness, LLC | EF |  New | 9.18.2024",006Po00000KgHXBIA3
"UCC Filing - The Market One, LLC | EF |  New | 10.3.2024",006Po00000MBHP5IAP
UCC Filing - Olaide's Kitchen LLC | EF |  New | 10.16.2024,006Po00000NE2BBIA1
"UCC Filing - Stokes Sand & Gravel, Inc. | EF |  New | 9.19.2024",006Po00000KmVyrIAF
UCC Filing - GussyUp LLC | EF |  New | 9.3.2024,006Po00000JV7YXIA1
UCC Filing - Congo Rebel Base LLC | EF |  New | 10.18.2024,006Po00000NPJQPIA5
UCC Filing - A to Z Paint & Management Solutions LLC | EF |  New | 10.17.2024,006Po00000NJTNdIAP
"UCC Filing - La Dolce Vita, LLC | EF |  New | 7.22.2024",006Po00000GbWnhIAF
UCC Filing - Hirsch Inc. | EF |  New | 10.16.2024,006Po00000NFxCEIA1
UCC Filing - Church of God El Shaddai | EF |  New | 10.22.2024,006Po00000NftuYIAR
UCC Filing - Thriving Cocktail LLC | EF |  New | 8.14.2024,006Po00000IBqYnIAL
UCC Filing - Legends Athletics Performance Inc | EF |  New | 10.21.2024,006Po00000NWgYMIA1
"UCC Filing - All Washed Up Mobile Washing, Inc. | EF |  New | 10.21.2024",006Po00000Na8LCIAZ
UCC Filing - N&J General Construction Corp | EF |  New | 9.27.2024,006Po00000LZKSnIAP
"UCC Filing - RON SCHULTE MASONRY, INC. | EF |  New | 10.22.2024",006Po00000Nh4hRIAR
"UCC Filing - MEMPHIS CITY CARTAGE, LLC | EF |  New | 10.24.2024",006Po00000NtVxBIAV
"UCC Filing - Universal 3D Innovation, Inc. | EF |  New | 10.7.2024",006Po00000MUS0cIAH
UCC Filing - Sacred Brands LLC | EF |  New | 10.15.2024,006Po00000N9eqbIAB
"UCC Filing - Craig Bar & Liquor Store, Inc | EF |  New | 8.16.2024",006Po00000ILbruIAD
UCC Filing - Depot Group Partners Inc. | EF |  New | 10.11.2024,006Po00000Mu0QTIAZ
"UCC Filing - BioCheck, Inc. | EF |  New | 6.12.2024",006Po00000EnsooIAB
"UCC Filing - THE MAGNOLIA CLUBHOUSE, INCORPORATED | EF |  New | 10.28.2024",006Po00000O9RxfIAF
UCC Filing - AS&K Holdings LLC | EF |  New | 10.1.2024,006Po00000LyePtIAJ
"UCC Filing - BROTHERS 4 BROTHERS,LLC | EF |  New | 8.21.2024",006Po00000IkszUIAR
UCC Filing - Two Trees Community Inc. | EF |  New | 10.24.2024,006Po00000NuUFtIAN
"UCC Filing - Champions United, Inc. | EF |  New | 10.23.2024",006Po00000NlPQjIAN
UCC Filing - Mountain View Staging Services Inc | EF |  New | 10.21.2024,006Po00000NZf4fIAD
UCC Filing - Cabinet Masters of South Carolina LLC | EF |  New | 9.16.2024,006Po00000KUbYAIA1
UCC Filing - AbSewlutely Amy LLC | EF |  New | 8.14.2024,006Po00000I9l12IAB
UCC Filing - Next Level Landscaping LLC | EF |  New | 10.28.2024,006Po00000OB4P4IAL
UCC Filing - A&M Gas 4 Inc | EF |  New | 10.1.2024,006Po00000LyfLxIAJ
UCC Filing - CELH NV Flamingo 1 LLC | EF |  New | 10.29.2024,006Po00000OFSuDIAX
UCC Filing - Frazier Construction LLC | EF |  New | 10.23.2024,006Po00000NnmELIAZ
UCC Filing - Kemps Korner Gas and C-Store Corporation | EF |  New | 10.11.2024,006Po00000MvGeTIAV
"UCC Filing - G3LV, LLC | EF |  New | 9.27.2024",006Po00000LYuriIAD
"UCC Filing - Center for Success and Independence, Inc. | EF |  New | 10.4.2024",006Po00000MHDFXIA5
UCC Filing - Beaver Tree Professional Services LLC | EF |  New | 10.31.2024,006Po00000OSWvBIAX
UCC Filing - 3010 TM LLC | EF |  New | 10.21.2024,006Po00000NabevIAB
UCC Filing - Crawfish Cafe Pearland LLC | EF |  New | 10.3.2024,006Po00000MA7bRIAT
"UCC Filing - Bruss Building Services Group, LLC | EF |  New | 10.17.2024",006Po00000NJGevIAH
"UCC Filing - Nasss Trade, Inc. | EF |  New | 10.3.2024",006Po00000MCvYvIAL
UCC Filing - PurePak Technology Corporation | EF |  New | 10.23.2024,006Po00000NmzK6IAJ
"UCC Filing - RDC Windows & Doors, Inc. | EF |  New | 10.28.2024",006Po00000O8jJtIAJ
UCC Filing - Amecol Granite & Marble Inc | EF |  New | 11.4.2024,006Po00000Old07IAB
"UCC Filing - Cleer Oil Technology, LLC | EF |  New | 9.26.2024",006Po00000LTEBZIA5
UCC Filing - MTHS LLC | EF |  New | 10.15.2024,006Po00000N8sijIAB
"UCC Filing - Michael A Turner, Individual | EF |  New | 10.18.2024",006Po00000NNyeAIAT
UCC Filing - Tejas Business Inc | EF |  New | 10.28.2024,006Po00000OBtL7IAL
UCC Filing - JENSEN'S LANDSCAPING & LAWN CARE INC. | EF |  New | 10.29.2024,006Po00000OGpTuIAL
UCC Filing - AJC Builders LLC | EF |  New | 11.4.2024,006Po00000OlKiGIAV
UCC Filing - M&A FAMILY REALTY LLC | EF |  New | 11.5.2024,006Po00000OudTuIAJ
UCC Filing - DFC Industries LLC | EF |  New | 10.30.2024,006Po00000OOIxGIAX
UCC Filing - SK Zelienople Inc | EF |  New | 11.5.2024,006Po00000OrY90IAF
"UCC Filing - Precise Mechanical Sales & Service, Inc. | EF |  New | 9.10.2024",006Po00000JxcnuIAB
UCC Filing - Home Theme Orlando LLC | EF |  New | 8.26.2024,006Po00000J48CCIAZ
UCC Filing - 1Dreamhome | EF |  New | 10.24.2024,006Po00000Nqy9KIAR
"UCC Filing - MidAmerica Distributing, L.L.C. | EF |  New | 11.6.2024",006Po00000P0llJIAR
"UCC Filing - K Money, Inc. | EF |  New | 10.2.2024",006Po00000M4gP0IAJ
UCC Filing - Sadow Excavation & Grading LLC | EF |  New | 10.25.2024,006Po00000NwVFvIAN
UCC Filing - GNG Petroleum Inc. | EF |  New | 10.22.2024,006Po00000NgJKPIA3
"UCC Filing - Firmatek, LLC | EF |  New | 11.6.2024",006Po00000OzOqoIAF
UCC Filing - Nova Dialysis Woodbine LLC | EF |  New | 9.6.2024,006Po00000Jkir9IAB
"UCC Filing - Avatara, LLC | EF |  New | 11.6.2024",006Po00000OxYr3IAF
UCC Filing - Henry's Generator Service LLC | EF |  New | 10.18.2024,006Po00000NPaXiIAL
UCC Filing - C&R Materials LLC | EF |  New | 10.30.2024,006Po00000ONXruIAH
"UCC Filing - Brothers Construction, Inc. | EF |  New | 11.13.2024",006Po00000PeyVMIAZ
UCC Filing - DMS Lawn and Property LLC | EF |  New | 11.14.2024,006Po00000PkjwcIAB
"UCC Filing - TERASWITCH, INC. | EF |  New | 10.24.2024",006Po00000NromDIAR
"UCC Filing - Salmana Enterprises, Inc. | EF |  New | 11.15.2024",006Po00000PuXR8IAN
"UCC Filing - Khoi An Vu, Individual | EF |  New | 11.7.2024",006Po00000P9zCUIAZ
UCC Filing - Screen Solutions International LLC | EF |  New | 8.27.2024,006Po00000J8aBRIAZ
UCC Filing - Meat Bazaar LLC | EF |  New | 10.11.2024,006Po00000MuI41IAF
UCC Filing - Scrap Management Inc | EF |  New | 11.12.2024,006Po00000PYAjLIAX
"UCC Filing - Richard Cuce, Individual | EF |  New | 11.12.2024",006Po00000PYgeLIAT
"UCC Filing - Waterland Bin Cleaning, LLC | EF |  New | 2.28.2024",006Po0000099GhvIAE
UCC Filing - Inclusion Sports Performance Training LLC | EF |  New | 11.12.202,006Po00000PaPCnIAN
UCC Filing - TITANIUM HAULING & JUNK REMOVAL LLC | EF |  New | 11.12.2024,006Po00000PW2A2IAL
"UCC Filing - Puck Supply & Machine, LLC | EF |  New | 11.13.2024",006Po00000PhhheIAB
"UCC Filing - Associated Pathologists, LLC | EF |  New | 7.30.2024",006Po00000H539xIAB
UCC Filing - Smith Rentals LLC | EF |  New | 11.15.2024,006Po00000PucqgIAB
"UCC Filing - Nova Gymnastics, LLC | EF |  New | 11.5.2024",006Po00000OstT7IAJ
UCC Filing - Black Diamond Autowerkz LLC | EF |  New | 11.18.2024,006Po00000Q9C33IAF
UCC Filing - GoatFoods LLC | EF |  New | 11.13.2024,006Po00000PfaQwIAJ
UCC Filing - Cla Countertop Restoration LLC | EF |  New | 11.19.2024,006Po00000QGBF3IAP
"UCC Filing - Nelson Jones, PLLC | EF |  New | 8.28.2024",006Po00000JC5CHIA1
UCC Filing - Khadi Radi LLC | EF |  New | 11.8.2024,006Po00000PCaCdIAL
"UCC Filing - C Diamond F, Inc. | EF |  New | 11.21.2024",006Po00000QWKhNIAX
UCC Filing - MADISON AVENUE CHIROPRACTIC P.C. | EF |  New | 11.20.2024 - Blind,006Po00000QOqzNIAT
UCC Filing - Bloom Medical Aesthetics LLC | EF |  New | 11.18.2024,006Po00000Q8q45IAB
"UCC Filing - Delaney's Market, LLC | EF |  New | 11.20.2024",006Po00000QM6SnIAL
UCC Filing - East Bay Jack Corporation | EF |  New | 10.8.2024,006Po00000MbUk1IAF
UCC Filing - Even-Flow Plumbing & Drain LLC | EF |  New | 11.18.2024,006Po00000QAG69IAH
UCC Filing - Razalan Wellness LLC | EF |  New | 11.12.2024,006Po00000PXg6vIAD
UCC Filing - TNT ROLLOFFS LLC | EF |  New | 11.20.2024,006Po00000QMlhFIAT
"UCC Filing - Tower West Holdings, LLC | EF |  New | 10.24.2024",006Po00000NtwfdIAB
UCC Filing - Revolution Service Corporation | EF |  New | 11.19.2024,006Po00000QEgWnIAL
UCC Filing - Oak Crest Construction LLC | EF |  New | 11.21.2024,006Po00000QVKoHIAX
UCC Filing - Whippoorwill Charm Inc | EF |  New | 11.26.2024,006Po00000Qw0qIIAR
UCC Filing - Oak Crest Construction LLC | EF |  New | 11.14.2024,006Po00000Pm1OPIAZ
UCC Filing - BEILER ENTERPRISES LLC | EF |  New | 11.26.2024,006Po00000QxqwTIAR
UCC Filing - Local Lawn LLC | EF |  New | 11.22.2024,006Po00000QbNptIAF
UCC Filing - Heartwood Home Services L.L.C. | EF |  New | 11.25.2024,006Po00000QrRxZIAV
UCC Filing - Genesis Christian Church Inc | EF |  New | 11.25.2024,006Po00000Qp1RKIAZ
UCC Filing - Great Gas Watt Inc | EF |  New | 11.18.2024,006Po00000Q8iZZIAZ
UCC Filing - Great Gas Felton Inc | EF |  New | 11.18.2024,006Po00000QADxuIAH
UCC Filing - Southern Investment Holdings LLC | EF |  New | 10.2.2024,006Po00000M3SslIAF
"UCC Filing - INDUSTRIAL HOSE AND SUPPLY, INC. | EF |  New | 12.4.2024",006Po00000RfqfpIAB
UCC Filing - Vaibhav Hotel Management LLC | EF |  New | 10.23.2024,006Po00000NmDycIAF
"UCC Filing - Synergy Petroleum Enterprises, Inc. | EF |  New | 11.25.2024",006Po00000Qre0LIAR
UCC Filing - NS Truck Accessories LLC | EF |  New | 12.4.2024,006Po00000Rhqa5IAB
"UCC Filing - Victory 1 Distribution, Inc. | EF |  New | 12.5.2024",006Po00000RoJZNIA3
"UCC Filing - Mikhail Rosenberg, Individual | EF |  New | 12.3.2024",006Po00000RYjcgIAD
"UCC Filing - Rocky Knoll Country Club, LLC | EF |  New | 11.4.2024",006Po00000OlPA2IAN
UCC Filing - Breadbelly LLC | EF |  New | 11.4.2024,006Po00000OkTkLIAV
UCC Filing - Kshrig LLC | EF |  New | 11.5.2024,006Po00000Ou0h5IAB
UCC Filing - Whimsical Practicality Inc. | EF |  New | 11.26.2024,006Po00000QyNPaIAN
UCC Filing - Brittain's Cash and Dash LLC | EF |  New | 11.15.2024,006Po00000PtXBRIA3
"UCC Filing - Abdo Ahmed Saleh, Individual | EF |  New | 12.2.2024",006Po00000RQANbIAP
UCC Filing - AP Granite Installation LLC | EF |  New | 11.5.2024,006Po00000OtHlYIAV
"UCC Filing - Ellis Equipment, Inc. | EF |  New | 11.19.2024",006Po00000QHRxhIAH
UCC Filing - Dash Networks Inc | EF |  New | 12.4.2024,006Po00000ReEWFIA3
"UCC Filing - Eskridge Brothers Enterprises, Inc. | EF |  New | 12.6.2024",006Po00000RvGTcIAN
